"id","title","value","link","group"
"1","Über Nacht: Niederlande verhängen totalen Lockdown bis 19. Jänner","1","https://www.wochenblick.at/ueber-nacht-niederlande-verhaengen-totalen-lockdown-bis-19-jaenner/","Wochenblick"
"2","Politik","62","","Politik"
"3","lockdown2","16","","lockdown2"
"4","willkür","12","","willkür"
"5","Offener Brief von Ärzten und Gesundheitsfachleuten an alle belgischen Behörden und Medien","1","https://www.naturstoff-medizin.de/artikel/offener-brief-von-aerzten-und-gesundheitsfachleuten-an-alle-belgischen-behoerden-und-medien/","Naturstoff Medizin"
"6","Medizin","80","","Medizin"
"7","Widerstand","65","","Widerstand"
"8","zensur","7","","zensur"
"9","kollateralschäden","15","","kollateralschäden"
"10","massnahmen","79","","massnahmen"
"11","Der Hass auf die Gesunden","1","https://www.dieostschweiz.ch/artikel/der-hass-auf-die-gesunden-7ovyrrl","Die Ostschweiz"
"12","Gesundheit","8","","Gesundheit"
"13","Mensch","58","","Mensch"
"14","dialog","4","","dialog"
"15","Pfizer-Vize bekräftigt: PCR-Test alleine sagt nichts über Infektion aus","1","https://www.wochenblick.at/pfizer-vize-bekraeftigt-pcr-test-alleine-sagt-nichts-ueber-infektion-aus/","Wochenblick"
"16","Wissenschaft","66","","Wissenschaft"
"17","pcr-test","61","","pcr-test"
"18","infektion","11","","infektion"
"19","Die Covid-19-Pandemie – bisherige Erkenntnisse und Empfehlungen für das weitere Vorgehen","1","","Hessisches Ärzteblatt"
"20","Impfung","80","","Impfung"
"21","Wenn sich Politiker in Zeiten von Corona Rat von Spitzenwissenschaftlern holen","1","https://www.meinbezirk.at/niederoesterreich/c-politik/wenn-sich-politiker-in-zeiten-von-corona-rat-von-spitzenwissenschaftlern-holen_a4259940","meinbezirk.at"
"22","lockdown","13","","lockdown"
"23","covidiot","8","","covidiot"
"24","Japan: Mehr Tote durch Suizide pro Monat als durch COVID-19 pro Jahr","1","https://de.rt.com/gesellschaft/109888-japan-mehr-tote-wegen-selbstmorde/","RT DE"
"25","Zahlen","79","","Zahlen"
"26","sterblichkeit","28","","sterblichkeit"
"27","Bhakdi: Masken für Schüler sind Kindsmisshandlung","1","https://www.reitschuster.de/post/bhakdi-masken-fuer-schueler-sind-kindsmisshandlung/","reitschuster"
"28","kind","39","","kind"
"29","maske","54","","maske"
"30","Dieser Lockdown funktioniert nur, wenn man das logische Denken sein lässt","1","https://www.welt.de/politik/deutschland/plus218861244/Dieser-Lockdown-funktioniert-nur-wenn-man-das-logische-Denken-sein-laesst.html","Die Welt"
"31","Gesichtsmasken sind voll von Bakterien und Pilzen","1","https://www.ktipp.ch/artikel/artikeldetail/gesichtsmasken-sind-voll-von-bakterien-und-pilzen/","Ktipp"
"32","Auch nach Monaten ist exakte Corona-Sprache in Medien selten","1","https://www.infosperber.ch/Artikel/Medien/Auch-nach-Monaten-ist-exakte-Corona-Sprache-in-Medien-selten","INFOsperber"
"33","manipulation","73","","manipulation"
"34","Nicht das Virus startet die 2. Welle, sondern der Bundesrat","1","https://insideparadeplatz.ch/2020/07/03/der-bundesrat-startet-die-zweite-welle/","In$ide Paradeplatz"
"35","bundesrat","22","","bundesrat"
"36","welle2","12","","welle2"
"37","Mögliches Risiko bei Corona-Impfstoffen","1","https://www.heise.de/tp/features/Moegliches-Risiko-bei-Corona-Impfstoffen-4967837.html","Telepolis"
"38","impf-nebenwirkungen","25","","impf-nebenwirkungen"
"39","spike-protein","1","","spike-protein"
"40","Bill Gates & die totale Bevölkerungskontrolle","1","","Youtube"
"41","Über die ignorierten Kollateralschäden von Lockdowns","1","https://www.heise.de/tp/features/Ueber-die-ignorierten-Kollateralschaeden-von-Lockdowns-4993947.html","Telepolis"
"42","Bern plant still und leise Covid-Impfzwang","1","https://insideparadeplatz.ch/2020/07/01/bern-plant-still-und-leise-covid-impfzwang/","In$ide Paradeplatz"
"43","Recht","51","","Recht"
"44","impfzwang","4","","impfzwang"
"45","covid-19-gesetz","2","","covid-19-gesetz"
"46","Hinter der Angst verschwindet das Leben","1","https://www.infosperber.ch/Artikel/Gesundheit/Hinter-der-Angst-verschwindet-das-Leben","INFOsperber"
"47","Spital","27","","Spital"
"48","angst","33","","angst"
"49","Reisequarantäne: Bund wusste um geringen Effekt","1","https://nzzas.nzz.ch/schweiz/reisequarantaene-bund-wusste-um-geringen-effekt-ld.1584652","NZZ"
"50","quarantäne","10","","quarantäne"
"51","Das Virus und die Zahlen-Leugner","1","https://www.dieostschweiz.ch/artikel/das-virus-und-die-zahlen-leugner-og7m4dA","Die Ostschweiz"
"52","Task-Force will weitere Massnahmen","1","https://linth24.ch/articles/45136-task-force-will-weitere-massnahmen","linth24"
"53","taskforce","8","","taskforce"
"54","Hauptsache Maske!?","1","https://www.deutsche-apotheker-zeitung.de/daz-az/2020/daz-33-2020/hauptsache-maske","Deutsche Apotheker Zeitung"
"55","Dr. Gut: «Gefährlicher Aktionismus des Bundesrats»","1","https://www.linth24.ch/articles/44267-dr-gut-gefaehrlicher-aktionismus-des-bundesrats","linth24"
"56","To vaccinate, or not to vaccinate …?","1","","Schweizer Ärztezeitung"
"57","Wie soll es weitergehen? Ein aktueller Text zur Lage und viele Fragen","1","https://miloszmatuschek.substack.com/p/friebelwef","substack.com"
"58","wef","8","","wef"
"59","Festhütte Bundeshaus: Politiker von links bis rechts brechen die Regeln, die sie anderen befehlen","1","https://www.weltwoche-daily.ch/beitrag/festhuette-bundeshaus-politiker-von-links-bis-rechts-brechen-die-regeln-die-sie-anderen-befehlen/","Weltwoche daily"
"60","Fenster zu oder Schule zu! Das Dauer-Lüften im Winter ist kein Corona-Konzept","1","https://www.focus.de/familie/eltern/eltern-berichten/das-frierende-klassenzimmer-fenster-zu-oder-schule-zu-das-dauer-lueften-im-winter-ist-kein-corona-konzept_id_12566305.html","Focus Online"
"61","Schule","10","","Schule"
"62","Und jetzt alle: die Überwachung wird euch frei machen!","1","https://miloszmatuschek.substack.com/p/ueberwachungsstaat-corona-reset","substack.com"
"63","Kritik am ""medizinisch-politischen Komplex"" in Covid-Zeiten","1","https://www.heise.de/tp/features/Kritik-am-medizinisch-politischen-Komplex-in-Covid-Zeiten-4962422.html","Telepolis"
"64","China und der Great Reset","1","https://demokratischerwiderstand.de/artikel/158/china-und-der-great-reset","Demokratischer Widerstand"
"65","P(l)andemie","9","","P(l)andemie"
"66","great reset","4","","great reset"
"67","who","18","","who"
"68","""Man will uns die Immunität aberkennen!""","1","https://reitschuster.de/post/man-will-uns-die-immunitaet-aberkennen/","reitschuster"
"69","immunität","18","","immunität"
"70","Corona-Lockdown: Droht tatsächlich eine akute nationale Gesundheitsnotlage?","1","https://www.heise.de/tp/features/Corona-Lockdown-Droht-tatsaechlich-eine-akute-nationale-Gesundheitsnotlage-4942433.html","Telepolis"
"71","Corona-Schutz der Alten: „Verzweiflung, Aggression und Hilflosigkeit“","1","https://www.welt.de/politik/deutschland/article222900562/Corona-Schutz-der-Alten-Verzweiflung-Aggression-und-Hilflosigkeit.html","Die Welt"
"72","Es ist alles noch viel schlimmer!","1","https://www.dieostschweiz.ch/artikel/es-ist-alles-noch-viel-schlimmer-kYDn8vz","Die Ostschweiz"
"73","Vertrauen in Behörden sinkt – Impfskepsis nimmt während der zweiten Corona-Welle zu","1","https://www.tagesanzeiger.ch/impfskepsis-nimmt-waehrend-der-zweiten-corona-welle-zu-876318794698","Tagesanzeiger"
"74","Das Covid19-Gesetz und die Blanko-Vollmacht für den Bundesrat","1","https://www.dieostschweiz.ch/artikel/das-covid19-gesetz-und-die-blanko-vollmacht-fuer-den-bundesrat-EmxKjoa","Die Ostschweiz"
"75","Es ist höchste Zeit für ein paar richtig gute Nachrichten","1","https://www.dieostschweiz.ch/artikel/es-ist-hoechste-zeit-fuer-ein-paar-richtig-gute-nachrichten-AWxpnzk","Die Ostschweiz"
"76","Heute endet das Notrecht – für Stunden und Tage","1","https://www.zeitpunkt.ch/index.php/heute-endet-das-notrecht-fuer-stunden-und-tage","ZE!TPUNKT"
"77","ARD extra: Die Corona-Lage","1","https://www.ardmediathek.de/daserste/video/ard-extra/ard-extra-die-corona-lage/das-erste/Y3JpZDovL3dkci5kZS9CZWl0cmFnLWQxNDFlNjJlLTA3YTQtNDMzYS1hYzQ3LWIxZjdiMjVlMDU0MA/","ARD"
"78","COVID-19: Wo ist die Evidenz?","1","","EbM Netzwerk"
"79","evidenz","4","","evidenz"
"80","Das RKI, seine Abteilungsleiter und Geschäfte mit PCR-Tests","1","https://www.reitschuster.de/post/das-rki-seine-abteilungsleiter-und-geschaefte-mit-pcr-tests/","reitschuster"
"81","Wirtschaft","13","","Wirtschaft"
"82","rki","10","","rki"
"83","Alle reden nur noch von Infektionszahlen – dabei galt es bei der Pandemie-Bewältigung ursprünglich, die Spitäler nicht zu überlasten","1","https://www.nzz.ch/meinung/corona-was-ist-der-worst-case-ld.1573762","NZZ"
"84","Exklusiv-Interview Teil 2: Klage gegen Christian Drosten. Antworten auf Kritik & neue Entwicklungen","1","","Langemann Medien"
"85","geld","18","","geld"
"86","Horror-Risiken: Nach Corona-Impfung bekämpft Körper eigene Zellen","1","https://www.wochenblick.at/horror-risiken-nach-corona-impfung-bekaempft-koerper-eigene-zellen/","Wochenblick"
"87","Schweizer Maskentest liefert vernichtendes Ergebnis","1","https://www.zeitpunkt.ch/schweizer-maskentest-liefert-vernichtendes-ergebnis","ZE!TPUNKT"
"88","Explosive Studie: Asymptomatische Fälle nicht ansteckend! Kein Grund für Lockdowns","1","https://sciencefiles.org/2020/12/28/explosive-studie-asymptomatische-falle-nicht-ansteckend-kein-grund-fur-lockdowns/","ScienceFiles"
"89","Studie","34","","Studie"
"90","nature","2","","nature"
"91","asymptomatisch","5","","asymptomatisch"
"92","Europa-Büro der WHO warnt vor negativen Folgen kompletter Lockdowns ","1","https://www.welt.de/politik/ausland/article218959586/Europa-Buero-der-WHO-warnt-vor-negativen-Folgen-kompletter-Lockdowns.html","Die Welt"
"93","Dänische Studie: Masken bieten nur einen geringfügig besseren Corona-Schutz","1","https://deutsch.rt.com/europa/109451-danische-studie-masken-bieten-nur/","RT DE"
"94","Labortest - Schutzmasken im Härtetest: Die meisten filtern ungenügend","1","https://www.srf.ch/news/panorama/labortest-schutzmasken-im-haertetest-die-meisten-filtern-ungenuegend","SRF"
"95","SARS-CoV-2: Kinder haben häufiger schon vor der Infektion protektive Antikörper","1","https://www.aerzteblatt.de/nachrichten/118174/SARS-CoV-2-Kinder-haben-haeufiger-schon-vor-der-Infektion-protektive-Antikoerper","Deutsches Ärzteblatt"
"96","Gesundheitsamtsleiter Dr. Pürner: „Ich werde weiter Kritik üben“ – „Inzidenzgrenzen werden willkürlich festgelegt“","1","https://www.epochtimes.de/politik/deutschland/gesundheitsamtsleiter-dr-puerner-ich-werde-weiter-kritik-ueben-inzidenzgrenzen-werden-willkuerlich-festgelegt-a3373057.html","Epoch Times"
"97","Widerstand im Dritten Weltkrieg","1","https://www.rubikon.news/artikel/widerstand-im-dritten-weltkrieg","Rubikon"
"98","grundrechte","6","","grundrechte"
"99","Hype um BioNTech-Impfstoff – über Risiken und Geld spricht man lieber nicht","1","https://www.nachdenkseiten.de/?p=66762","NachDenkSeiten"
"100","Forscher: Corona-Todesrate ist wahrscheinlich geringer als 0,2 Prozent","1","https://www.berliner-zeitung.de/gesundheit-oekologie/forscher-corona-sterblichkeit-betraegt-023-prozent-li.111917","Berliner Zeitung"
"101","Vatikan erlaubt Impfstoffe trotz Einsatzes abgetriebener Föten","1","https://www.wochenblick.at/vatikan-erlaubt-impfstoffe-trotz-einsatzes-abgetriebener-foeten/","Wochenblick"
"102","Zensur in Zeiten von Corona: wovor hat man eigentlich solche Angst?","1","https://miloszmatuschek.substack.com/p/zensur-in-zeiten-von-corona-wovor","substack.com"
"103","Eine Checkliste zeigt: Die Pandemie wird von Leuten mit Sektenmentalität verwaltet","1","https://corona-transition.org/eine-checkliste-zeigt-die-pandemie-wird-von-leuten-mit-sektenmentalitat","Corona Transition"
"104","MedUni Innsbruck: Immunität durch Infektion besser als Impfung","1","https://tkp.at/2020/12/12/meduni-innsbruck-immunitaet-durch-infektion-besser-als-impfung/","tp - Science & Technology"
"105","Zu viele Ungereimtheiten: Autoren des Corman-Drosten-Papiers über PCR-Tests zunehmend unter Druck","1","https://de.rt.com/meinung/110377-nach-enthullung-von-schwachstellen-beim/","RT DE"
"106","Drosten-Partner Olfert Landt: ""50% der Infizierten nicht infektiös - warum dann Quarantäne?""","1","https://2020news.de/drosten-partner-landt-viele-infizierte-nicht-infektioes/","2020 News"
"107","Wir stellen fest: Es ist alles gesagt","1","https://www.dieostschweiz.ch/artikel/wir-stellen-fest-es-ist-alles-gesagt-qGDAjLm","Die Ostschweiz"
"108","Exklusiv-Interview: Gigantische Klage gegen Prof. Christian Drosten & Umfeld","1","","Langemann Medien"
"109","Verfassungsgerichtshof: Lockdown-'Nachfolge-Verordnungen' verfassungswidrig!","1","","Honk for Hope"
"110","Der Corona-Komplex – was passiert hier eigentlich gerade?","1","https://miloszmatuschek.substack.com/p/coronakomplex","substack.com"
"111","Die totale Ermächtigung","1","https://www.rubikon.news/artikel/die-totale-ermachtigung","Rubikon"
"112","demokratie","12","","demokratie"
"113","Nicht ganz dicht!","1","https://www.dieostschweiz.ch/artikel/nicht-ganz-dicht-Gv9yBbD","Die Ostschweiz"
"114","Hamburger Ärzte-Chef geht auf Corona-Mahner los: Machen die Gesellschaft krank","1","https://www.focus.de/regional/hamburg/wegen-dramatisierung-von-corona-hamburger-aerztechef-greift-soeder-und-drosten-an-sie-machen-die-gesellschaft-krank_id_12427921.html","Focus Online"
"115","Corona: Das vorschnelle Starren auf die Reproduktionszahl R","1","https://www.infosperber.ch/gesundheit/public-health/corona-das-vorschnelle-starren-auf-die-reproduktionszahl-r/","INFOsperber"
"116","r-wert","4","","r-wert"
"117","Weg aus der Pandemie - Pflegepersonal ist skeptisch bei Corona-Impfung","1","https://www.srf.ch/news/schweiz/weg-aus-der-pandemie-pflegepersonal-ist-skeptisch-bei-corona-impfung","SRF"
"118","13-jährige Asthmatikerin appelliert an Regierungen: ""Hört auf damit! Ihr zerstört Menschenleben""","1","https://www.epochtimes.de/gesundheit/13-jaehrige-asthmatikerin-appelliert-an-regierungen-hoert-auf-damit-ihr-zerstoert-menschenleben-a3345063.html","Epoch Times"
"119","So viel kosten uns die Corona-Tests","1","https://www.medinside.ch/de/post/so-viel-kosten-uns-die-corona-tests","medinside.ch"
"120","Der große Neustart","1","https://www.rubikon.news/artikel/der-grosse-neustart-2","Rubikon"
"121","Ansichten eines Leopoldina-Dissidenten","1","https://www.achgut.com/artikel/ansichten_eines_leopoldina_dissidenten","Achgut.com"
"122","leopoldina","4","","leopoldina"
"123","Reiter der Apokalypse","1","https://www.weltwoche.ch/ausgaben/2020-48/diese-woche/eilmeldung-die-weltwoche-ausgabe-48-2020.html","Weltwoche"
"124","Informed consent disclosure to vaccine trial subjects of risk of COVID-19 vaccines worsening clinical disease","1","https://pubmed.ncbi.nlm.nih.gov/33113270/","PubMed"
"125","""Können Langzeitsicherheit nicht beurteilen""","1","https://www.zdf.de/nachrichten/zdfheute-live/corona-impfstoff-zulassung-ludwig-video-100.html","ZDF"
"126","Globale Corona-Politik: Das Gegenteil von „Schutz“ und „Solidarität“","1","https://www.nachdenkseiten.de/?p=67116","NachDenkSeiten"
"127","Offener Brief an die Bundeskanzlerin: Immer mehr Ärzte haben genug vom Irrsinn der Corona-Politik","1","https://www.journalistenwatch.com/2020/10/12/offener-brief-bundeskanzlerin/","Jouwatch"
"128","Dekonstruktion des Programmcodes des BioNTech/Pfizer SARS-CoV-2 Impfstoffes","1","https://berthub.eu/articles/posts/german-reverse-engineering-source-code-of-the-biontech-pfizer-vaccine/","berthub.eu"
"129","biontech","16","","biontech"
"130","Produkteigenschaften: Mehr Details zum Biontech-Impfstoff","1","https://www.pharmazeutische-zeitung.de/mehr-details-zum-biontech-impfstoff-122358/","Pharmazeutische Zeitung"
"131","Mut zur Freiheit","1","https://www.rubikon.news/artikel/mut-zur-freiheit","Rubikon"
"132","Karl Lauterbach auf Twitter: Aufklärung oder Panikmache?","1","https://www.tagesschau.de/faktenfinder/lauterbach-twitter-101.html","tagesschau.de"
"133","Die Covid-19-Pandemie in Frankfurt am Main: Was sagen die Daten?","1","","Hessisches Ärzteblatt"
"134","Der geistige Lockdown der COVID-19-Taskforce","1","https://www.medinside.ch/de/post/der-geistige-lockdown-der-covid-19-taskforce","medinside.ch"
"135","Interview zu Maskenpflicht – «Man sollte der Öffentlichkeit nichts vorgaukeln»","1","https://www.tagesanzeiger.ch/man-sollte-der-oeffentlichkeit-nichts-vorgaukeln-780632651447","Tagesanzeiger"
"136","Keine ""zweite Welle""? – Ex-Topwissenschaftler von Pfizer spricht von ""Pseudo-Pandemie""","1","https://de.rt.com/international/109979-es-gibt-keine-zweite-welle/","RT DE"
"137","Coronavirus in der Schweiz - Keine Übersterblichkeit bei unter 65-Jährigen wegen Covid-19","1","https://www.srf.ch/news/schweiz/coronavirus-in-der-schweiz-keine-uebersterblichkeit-bei-unter-65-jaehrigen-wegen-covid-19","SRF"
"138","Professor Eggers Panikorchester","1","https://www.weltwoche.ch/ausgaben/2020-44/diese-woche/eilmeldung-die-weltwoche-ausgabe-44-2020.html","Weltwoche"
"139","BAG","23","","BAG"
"140","COVID-19: Serology, antibodies and immunity","1","https://web.archive.org/web/20201114155259/https://www.who.int/news-room/q-a-detail/coronavirus-disease-covid-19-serology","WHO"
"141","Gefahr Corona-Impfstoff: alle Katzen tot","1","https://2020news.de/gefahr-corona-impfstoff-alle-katzen-tot/","2020 News"
"142","PCR-Test-Hersteller: Die Hälfte aller Corona-Positiven ist nicht ansteckend","1","https://www.nordkurier.de/politik-und-wirtschaft/die-haelfte-aller-corona-positiven-ist-nicht-ansteckend-2241827212.html","Nordkurier"
"143","Zeit für Ungehorsam","1","https://www.nachdenkseiten.de/?p=66302","NachDenkSeiten"
"144","WHO ändert für die Impfagenda die Definition der Herdenimmunität","1","https://2020news.de/who-aendert-definition-der-herdenimmunitaet/","2020 News"
"145","Die „Maus“ und Corona: „Was darf ich?“","1","https://www.nachdenkseiten.de/?p=67271","NachDenkSeiten"
"146","Peinliche Beschaffungs-Panne - VBS-Masken fallen im Qualitätstest durch","1","https://www.srf.ch/news/schweiz/peinliche-beschaffungs-panne-vbs-masken-fallen-im-qualitaetstest-durch","SRF"
"147","Covid-19: Was die Sterbedaten der verschiedenen Länder verraten","1","https://www.welt.de/debatte/plus215257850/Covid-19-Was-die-Sterbedaten-der-verschiedenen-Laender-verraten.html","Die Welt"
"148","World Freedom Alliance: Stockholm - Part 2","1","","World Freedom Alliance"
"149","Maskenpflicht in Kitas - Schadet eine Kita-Maskenpflicht den Kleinsten?","1","https://www.srf.ch/news/schweiz/maskenpflicht-in-kitas-schadet-eine-kita-maskenpflicht-den-kleinsten","SRF"
"150","Schwarze Wahrheiten","1","https://multipolar-magazin.de/artikel/schwarze-wahrheiten","multipolar"
"151","Keine Angst vor Corona-Toten!","1","https://www.heise.de/tp/features/Keine-Angst-vor-Corona-Toten-4958631.html","Telepolis"
"152","NZZ schreibt mit fragwürdigen Grafiken eine zweite Welle herbei","1","https://www.infosperber.ch/Artikel/Medien/NZZ-schreibt-mit-fragwurdigen-Grafiken-eine-zweite-Welle-herbei","INFOsperber"
"153","Der Pharma-Insider","1","https://www.rubikon.news/artikel/der-pharma-insider","Rubikon"
"154","Kritischer Gesundheitsamt-Chef versetzt: Über 130 Ärzte protestieren scharf","1","https://www.berliner-zeitung.de/news/kritischer-gesundheitsamt-chef-versetzt-ueber-130-aerzte-protestieren-scharf-li.117180","Berliner Zeitung"
"155","Wegen Masken-Attesten: Massive Repressionen gegen regierungskritischen Arzt Peer Eifler","1","https://www.unzensuriert.at/content/112769-wegen-masken-attesten-massive-repressionen-gegen-regierungskritischen-arzt-eifler/","Unzensuriert"
"156","Dr. Reiner Fuellmich - Money Talks Update 1","1","","Youtube"
"157","Herr Thiel, sind Sie ein Verschwörungstheoretiker?","1","https://linth24.ch/articles/39600-sind-sie-ein-verschwoerungstheoretiker-herr-thiel","linth24"
"158","Im Journalismus riecht es nach Verrat an der Demokratie","1","https://www.nachdenkseiten.de/?p=67492","NachDenkSeiten"
"159","Von fragwürdigen und fehlinterpretierten Corona-Zahlen","1","https://www.heise.de/tp/features/Von-fragwuerdigen-und-fehlinterpretierten-Corona-Zahlen-4996600.html","Telepolis"
"160","Staatliche Kindesgefährdung","1","https://www.rubikon.news/artikel/staatliche-kindesgefahrdung","Rubikon"
"161","Berliner Regierung weckt Zweifel am PCR-Test","1","https://www.reitschuster.de/post/berliner-regierung-weckt-zweifel-an-pcr-test/","reitschuster"
"162","USA: 6 Tote während Pfizer-Imfpfstofftestungen, Warnung für Allergiker","1","https://www.wochenblick.at/usa-6-tote-waehrend-pfizer-imfpfstofftestungen-warnung-fuer-allergiker/","Wochenblick"
"163","mit oder an impfung gestorben","8","","mit oder an impfung gestorben"
"164","6 Spitäler in der Region: So ist es mit Corona bei uns!","1","https://linth24.ch/articles/38377-6-spitaeler-in-der-region-so-ist-es-mit-corona-bei-uns","linth24"
"165","Dr. Roger Hodkinson - Das Ende der Coronalüge in 6 Minuten","1","","Vimeo"
"166","Schule in der Pandemie: Das System ist an der Grenze","1","https://www.beobachter.ch/bildung/schule/schule-in-der-pandemie-das-system-ist-an-der-grenze","Beobachter"
"167","«Papi, stimmt es, dass wir alle bald aussterben?»","1","https://www.dieostschweiz.ch/artikel/papi-stimmt-es-dass-wir-alle-bald-aussterben-gj9BEmK","Die Ostschweiz"
"168","SARS-CoV-2: Evidenz spricht gegen Ansteckung über die Luft","1","https://www.aerzteblatt.de/nachrichten/114701/SARS-CoV-2-Evidenz-spricht-gegen-Ansteckung-ueber-die-Luft","Deutsches Ärzteblatt"
"169","Ein Impfstoff wird das Problem nicht lösen","1","https://www.infosperber.ch/Artikel/Gesundheit/Ein-Impfstoff-wird-das-Problem-nicht-losen","INFOsperber"
"170","«Wir dürfen junge, gesunde Menschen nicht diesem Risiko aussetzen!»","1","https://www.zeitpunkt.ch/wir-duerfen-junge-gesunde-menschen-nicht-diesem-risiko-aussetzen","ZE!TPUNKT"
"171","Intransparente Risikobewertung: Multipolar klagt gegen das Robert Koch-Institut","1","https://multipolar-magazin.de/artikel/multipolar-klagt-gegen-das-rki","multipolar"
"172","Wie soll es weitergehen?","1","","Sebastian Friebel"
"173","Die Angst aus der Klinik","1","https://www.rubikon.news/artikel/die-angst-aus-der-klinik","Rubikon"
"174","Antoine Hubert: «Wir hätten die Patienten von den Hausärzten behandeln lassen sollen»","1","https://www.medinside.ch/de/post/antoine-hubert-interview","medinside.ch"
"175","Sucharit Bhakdi: 'Betrug an der Schweizer Bevölkerung' - ein Gespräch mit Dr. Rainer Schregel","1","","Youtube"
"176","Der Beweis über die Schädlichkeit der Masken bei Kindern (Eugen Janzen)","1","","bitchute"
"177","Versorgungskrise: Kliniken sind nicht überbelegt, sondern unterbesetzt","1","https://de.rt.com/meinung/111137-versorgungskrise-kliniken-sind-nicht-ueberbelegt/","RT DE"
"178","Wichtige Botschaft von Neurologin Dr. Margareta Griesz-Brisson","1","","bitchute"
"179","Interview mit Hirnforscher – «Angstmacherei ist eine Unart unserer ganzen Gesellschaft»","1","https://www.bernerzeitung.ch/angstmacherei-ist-eine-unart-unserer-gesellschaft-698756136390","Berner Zeitung"
"180","Keine Pandemie, sondern eine Endemie","1","https://www.achgut.com/artikel/keine_pandemie_sondern_eine_endemie","Achgut.com"
"181","virus-mutation","2","","virus-mutation"
"182","Richter rügt Corona-Urteile: Gerichte haben Grundrechts-Eingriffe aus Angst abgesegnet","1","https://www.focus.de/politik/freiheitsrechte-versus-seuchenschutz-richter-ruegt-corona-urteile-justiz-hat-viele-grundrechts-eingriffe-aus-angst-abgesegnet_id_12457141.html","Focus Online"
"183","80.000 Menschen zeichnen Impfstoff-Petition - die EMA schweigt","1","https://2020news.de/80-000-menschen-zeichnen-impfstoff-petition-die-ema-schweigt/","2020 News"
"184","petition","3","","petition"
"185","ema","1","","ema"
"186","Drosten-PCR-Test-Studie: Rückzugsantrag gestellt wegen wissenschaftlicher Fehler und massiver Interessenkonflikte","1","https://2020news.de/drosten-pcr-test-studie-rueckzugsantrag-gestellt-wegen-wissenschaftliche-fehler-und-massiver-interessenkonflikte/","2020 News"
"187","Leben heisst nicht nur, nicht zu sterben","1","https://www.dieostschweiz.ch/artikel/leben-heisst-nicht-nur-nicht-zu-sterben-8kPjyJ9","Die Ostschweiz"
"188","Coronavirus - Komiker Marco Rima sitzt im Komitee: Impfkritiker sammeln Unterschriften für eine Initiative","1","https://www.tagblatt.ch/news-service/inland-schweiz/ab-dienstag-wird-gegen-die-impfpflicht-unterschriften-gesammelt-ld.2070111","tagblatt.ch"
"189","kultur","4","","kultur"
"190","Warum schweigen Sie? Warum sehen Sie weg?","1","https://www.reitschuster.de/post/warum-schweigen-sie-warum-sehen-sie-weg/","reitschuster"
"191","polizei","5","","polizei"
"192","Trotz Online-Petition: WDR-Programmchef lehnt Corona-kritische Talkshow ab","1","https://de.rt.com/inland/110034-trotz-online-petition-wdr-programmchef-lehnt-corona-kritische-talkshow-ab/","RT DE"
"193","Portugiesisches Berufungsgericht hält PCR-Test für unzuverlässig","1","https://www.reitschuster.de/post/portugiesisches-berufungsgericht-haelt-pcr-test-fuer-unzuverlaessig/","reitschuster"
"194","Das Corona-Traumpaar","1","https://www.rubikon.news/artikel/das-corona-traumpaar","Rubikon"
"195","Sachverständiger beweist live: CO2-Werte unter Masken gesundheitsschädlich","1","https://www.wochenblick.at/sachverstaendiger-beweist-live-co2-werte-unter-masken-gesundheitsschaedlich/","Wochenblick"
"196","Impfstoff-Verträge bleiben geheim: Bund hält sich bei Impfdeals bedeckt","1","https://www.beobachter.ch/burger-verwaltung/impfstoff-vertrage-bleiben-geheim-bund-halt-sich-bei-impfdeals-bedeckt","Beobachter"
"197","40 Prozent weniger Intensivbetten als noch im Frühling","1","https://www.medinside.ch/de/post/40-prozent-weniger-intensivbetten-als-noch-im-fruehling","medinside.ch"
"198","Tödlicher Maskenzwang? 13-jährige kollabiert in Schulbus und stirbt","1","https://www.journalistenwatch.com/2020/09/10/toedlicher-maskenzwang-schulbus/","Jouwatch"
"199","Die unerwünschte Wahrheit","1","https://www.rubikon.news/artikel/die-unerwunschte-wahrheit","Rubikon"
"200","Sterben in Krisenzeiten","1","","bitchute"
"201","Wer überall ""Covidioten"" sieht, verbreitet Verschwörungstheorien","1","https://www.nzz.ch/meinung/der-andere-blick/wer-ueberall-covidioten-sieht-verbreitet-verschwoerungstheorien-ld.1576049","NZZ"
"202","Lungenarzt: „Frühe künstliche Beatmung ist größter Fehler im Kampf gegen Corona“","1","https://www.focus.de/gesundheit/news/bis-zu-50-prozent-sterben-daran-lungenarzt-fruehe-kuenstliche-beatmung-ist-groesster-fehler-im-kampf-gegen-corona_id_12787476.html","Focus Online"
"203","beatmung","4","","beatmung"
"204","Studie zur Corona-Übersterblichkeit: Starben 45 Prozent infolge des Lockdowns?","1","https://deutsch.rt.com/inland/109105-studie-zur-corona-ubersterblichkeit/","RT DE"
"205","Objektive Zahlen gegen professoralen Unsinn","1","https://www.dieostschweiz.ch/artikel/objektive-zahlen-gegen-professoralen-unsinn-lDgPABR","Die Ostschweiz"
"206","Coronavirus: Sperrstunde ab 19 Uhr und Schliessungen an Sonn- und Feiertagen","1","https://www.bag.admin.ch/bag/de/home/das-bag/aktuell/medienmitteilungen.msg-id-81582.html","BAG"
"207","Top Medizin Wissenschaftler John Ioannidis zieht Corona Bilanz","1","https://www.meinbezirk.at/niederoesterreich/c-regionauten-community/top-medizin-wissenschaftler-johnn-ioannidis-zieht-corona-bilanz_a4293525","meinbezirk.at"
"208","Weitere Todesfälle kurz nach Corona-Impfung in der Schweiz und in Israel","1","https://de.rt.com/europa/111220-weitere-todesfalle-kurz-nach-corona/","RT DE"
"209","Zuerst Coronaleugner, dann Coronaskeptiker - und was heisst es morgen?","1","https://www.dieostschweiz.ch/artikel/zuerst-coronaleugner-dann-coronaskeptiker-und-was-heisst-es-morgen-M7gQ7kr","Die Ostschweiz"
"210","Tausendfache ""schwere Freiheitsberaubung"": 50 Anwälte schreiben Offenen Brief gegen Corona-Quarantäne","1","https://www.epochtimes.de/politik/deutschland/tausendfache-schwere-freiheitsberaubung-50-anwaelte-schreiben-offenen-brief-gegen-corona-quarantaene-a3390749.html","Epoch Times"
"211","Wirtschaftliche Auswirkungen der Corona-Lockdowns","1","http://kenfm.de/wirtschaftliche-auswirkungen-der-corona-lockdowns-von-christian-kreiss/","kenFM"
"212","Der beste Psychotherapeut sind die nackten Zahlen","1","https://www.dieostschweiz.ch/artikel/der-beste-psychotherapeut-sind-die-nackten-zahlen-ogOBYaW","Die Ostschweiz"
"213","Behörden geben zu viele Corona-Hospitalisierte und -Tote an","1","https://www.infosperber.ch/gesundheit/public-health/behoerden-geben-zu-viele-corona-hospitalisierte-und-tote-an/","INFOsperber"
"214","Behörde","5","","Behörde"
"215","""Diese Impfung ist ein Experiment an Menschen""","1","https://reitschuster.de/post/die-impfung-ist-ein-experiment-an-menschen/","reitschuster"
"216","Rätselhafte Zahlen bei Belegung von Intensivstationen in Europa","1","https://tkp.at/2020/12/28/raetselhafte-zahlen-bei-belegung-von-intensivstationen-in-europa/","tp - Science & Technology"
"217","Freiwilliger Maskenzwang","1","https://www.weltwoche.ch/ausgaben/2020-46/diese-woche/freiwilliger-maskenzwang-die-weltwoche-ausgabe-46-2020.html","Weltwoche"
"218","Coronavirus-Todesfälle: Über die fragwürdige Diagnostik und die irreführende Darstellung in Regierungserklärungen","1","https://www.heise.de/tp/features/Coronavirus-Todesfaelle-Ueber-die-fragwuerdige-Diagnostik-und-die-irrefuehrende-Darstellung-in-4973792.html","Telepolis"
"219","Covid-19-Impfstoff: Bund unterzeichnet Vertrag mit Pfizer","1","https://www.bag.admin.ch/bag/de/home/das-bag/aktuell/medienmitteilungen.msg-id-81495.html","BAG"
"220","Lieber Bundesrat, hier noch ein paar gut gemeinte Ratschläge","1","https://www.dieostschweiz.ch/artikel/lieber-bundesrat-hier-noch-ein-paar-gut-gemeinte-ratschlaege-NYlD1B3","Die Ostschweiz"
"221","Regierungs-Experte: Impfung hat Nebenwirkungen, schützt andere nicht","1","https://www.wochenblick.at/regierungs-experte-imfpung-hat-nebenwirkungen-schuetzt-andere-nicht/","Wochenblick"
"222","Der zweite Fehlalarm","1","https://www.rubikon.news/artikel/der-zweite-fehlalarm","Rubikon"
"223","Israel: 75-Jähriger stirbt wenige Stunden nach Corona-Impfung","1","https://de.rt.com/der-nahe-osten/111178-israel-75-jahriger-stirbt-wenige/","RT DE"
"224","Drosten-Papier in der Kritik: Experten finden zehn schwerwiegende Fehler im PCR-Testverfahren","1","https://de.rt.com/meinung/109980-experten-finden-zehn-schwerwiegende-fehler-covid-19/","RT DE"
"225","Kassenärzte-Chef Gassen: Harter Lockdown wird scheitern","1","https://www.focus.de/gesundheit/news/news-zur-pandemie-kassenaerzte-chef-gassen-harter-lockdown-wird-scheitern_id_12783269.html","Focus Online"
"226","Achtung, Diktatur!","1","https://www.rubikon.news/artikel/achtung-diktatur-2","Rubikon"
"227","Covid-19: Immunantwort stabiler als bisher vermutet","1","https://infekt.ch/2020/10/covid-19-immunantwort-stabiler-als-behauptet/","infekt.ch"
"228","Kinderarzt fordert freiwilliges Masketragen für Kinder ab Januar","1","https://www.epochtimes.de/gesundheit/kinderarzt-eugen-janzen-fordert-maskenverbot-fuer-kinder-ab-januar-a3402840.html","Epoch Times"
"229","Alternativen zur Reisequarantäne – Bund hielt brisantes Papier einen Monat unter Verschluss","1","https://www.tagesanzeiger.ch/bund-hielt-brisantes-papier-einen-monat-unter-verschluss-594660472162","Tagesanzeiger"
"230","Klinik-Studie: 2020 weniger Beatmete als 2019","1","https://www.reitschuster.de/post/klinik-studie-2020-weniger-beatmete-als-2019/","reitschuster"
"231","Hans-Jürgen Papier warnt vor Aushöhlung der Grundrechte","1","https://www.nzz.ch/international/hans-juergen-papier-warnt-vor-aushoehlung-der-grundrechte-ld.1582544","NZZ"
"232","Mutbrief eines Polizisten: ""Will nicht Komplize des Unrechts sein""","1","https://www.wochenblick.at/mutbrief-eines-polizisten-will-nicht-komplize-des-unrechts-sein/","Wochenblick"
"233","Spahns Corona-Wortbruch","1","https://reitschuster.de/post/spahns-corona-wortbruch/","reitschuster"
"234","0,0141 Prozent: Positiver Effekt der Corona-Impfung kaum nachweisbar","1","https://www.epochtimes.de/gesundheit/00141-prozent-positiver-effekt-der-corona-impfung-kaum-nachweisbar-a3407982.html","Epoch Times"
"235","Daten nachträglich angepasst – Plötzlich sackt der R-Wert ab","1","https://www.tagesanzeiger.ch/ploetzlich-sackt-der-r-wert-ab-241108981236","Tagesanzeiger"
"236","Der Sturmvogel aus dem Nichts","1","https://www.dieostschweiz.ch/artikel/der-sturmvogel-aus-dem-nichts-XNwDj3Q","Die Ostschweiz"
"237","Großbritannien: Normale Mutanten der Virusevolution","1","https://www.achgut.com/artikel/grossbritannien_normale_mutanten_der_virusevolution","Achgut.com"
"238","Wie soll es weitergehen? (v2)","1","","Sebastian Friebel"
"239","Spitalsituation: «Glücklicherweise nicht so dramatisch»","1","https://linth24.ch/articles/44679-spitalsituation-gluecklicherweise-nicht-so-dramatisch","linth24"
"240","st.gallen","1","","st.gallen"
"241","Heimische Mediziner fordern Rücknahme der Corona-Maßnahmen","1","https://www.derstandard.de/story/2000120568281/heimische-mediziner-fordern-ruecknahme-der-corona-massnahmen","DerStandard"
"242","Shutdown, Reduzierung der Sozialkontakte und Einhalten der sozialen Distanz","1","https://www.heise.de/tp/features/Shutdown-Reduzierung-der-Sozialkontakte-und-Einhalten-der-sozialen-Distanz-4954334.html","Telepolis"
"243","Abmahnung an Christian Drosten","1","https://kenfm.de/abmahnung-an-christian-drosten/","kenFM"
"244","Wie sinnvoll sind Corona-Maßnahmen? Ein Offener Brief an Bundeskanzlerin Merkel","1","https://vera-lengsfeld.de/2020/10/21/wie-sinnvoll-sind-corona-massnahmen-ein-offener-brief-an-bundeskanzlerin-merkel/","Vera Lengsfeld"
"245","Covid-19 weniger tödlich als vermutet?","1","https://www.n-tv.de/wissen/Covid-19-weniger-toedlich-als-vermutet-article22104272.html","ntv"
"246","Wo ist die Debatte? Wer baut noch Brücken? Ein offener Brief an die Leitmedien","1","https://multipolar-magazin.de/artikel/wo-ist-die-debatte","multipolar"
"247","Corona und gekaufte Wissenschaft – Wie falsche Wissenschaft die Welt in einen Abgrund stürzt","1","https://www.nachdenkseiten.de/?p=66244","NachDenkSeiten"
"248","Gunnar Kaiser: Corona, Intellektuelle und die neue Staatsordnung","1","https://www.nzz.ch/feuilleton/gunnar-kaiser-corona-intellektuelle-und-die-neue-staatsordnung-ld.1575672","NZZ"
"249","Uni-""Studie"" bestätigt Masken-Wirksamkeit","1","https://www.reitschuster.de/post/uni-studie-bestaetigt-masken-wirksamkeit/","reitschuster"
"250","Die Corona Task Force ist eine Art Superspreader bei der Verbreitung von Halbwahrheiten und Vermutungen","1","https://www.weltwoche-daily.ch/beitrag/die-corona-task-force-ist-eine-art-superspreader-bei-der-verbreitung-von-halbwahrheiten-und-vermutungen/","Weltwoche daily"
"251","Dr. Wodarg und Dr. Yeadon beantragen den Stopp sämtlicher Corona-Impfstudien und rufen zum Mitzeichnen der Petition auf","1","https://2020news.de/dr-wodarg-und-dr-yeadon-beantragen-den-stopp-saemtlicher-corona-impfstudien-und-rufen-zum-mitzeichnen-der-petition-auf/","2020 News"
"252","""Jahrhundert-Pandemie""? Kliniken melden weniger Lungenentzündungen und Beatmungsfälle als im Vorjahr","1","https://de.rt.com/inland/110313-trotz-corona-kliniken-melden-weniger/","RT DE"
"253","Ex-Frau von Lauterbach zur COVID-19-Pandemie: ""Maßnahmen können sofort beendet werden""","1","https://deutsch.rt.com/inland/106402-lauterbach-ex-spelsberg-zur-corona/","RT DE"
"254","Coronavirus: Das Aufrechterhalten der Maßnahmen trotz einer dramatisch gesunkenen Sterberate","1","https://www.heise.de/tp/features/Coronavirus-Das-Aufrechterhalten-der-Massnahmen-trotz-einer-dramatisch-gesunkenen-Sterberate-4906401.html?seite=all","Telepolis"
"255","Corona-Faktencheck","1","https://harald-walach.de/2020/10/07/corona-faktencheck/","Prof. Harald Walach"
"256","Die Drohung mit der Intensivbetten-Überbelegung basiert auf Zahlenmanipulationen","1","https://corona-transition.org/die-drohung-mit-der-intensivbetten-uberbelegung-basiert-auf","Corona Transition"
"257","Gastbeitrag: Mimik und Spracherwerb in Zeiten von Corona","1","https://www.kinderzeit.de/news-detail-praxis/gastbeitrag-mimik-und-spracherwerb-in-zeiten-von-corona.html","kinderzeit"
"258","COVID-Panik durch Medien","1","https://www.linth24.ch/articles/30172-covid-panik-durch-medien","linth24"
"259","Corona-Maßnahmen: Wenn Kinder die Leidtragenden sind (1/2)","1","https://www.nachdenkseiten.de/?p=68268","NachDenkSeiten"
"260","Bisher nicht möglich? Neuer Test soll Corona von Grippe unterscheiden","1","https://www.wochenblick.at/bisher-nicht-moeglich-neuer-test-soll-corona-von-grippe-unterscheiden/","Wochenblick"
"261","massentest","4","","massentest"
"262","Corona: ""Falsche Risikobewertung""","1","https://www.reitschuster.de/post/corona-falsche-risikobewertung/","reitschuster"
"263","Medizin gegen Panikmache","1","https://www.rubikon.news/artikel/medizin-gegen-panikmache","Rubikon"
"264","Haben viele Menschen bereits eine Immunität gegen Covid?","1","https://infekt.ch/2020/09/haben-viele-menschen-bereits-eine-immunitaet-gegen-covid/","infekt.ch"
"265","""Erste Triage in Deutschland"" war wohl Falschmeldung – Klinikumssprecherin dementiert Medienberichte","1","https://de.rt.com/inland/110661-erste-triage-in-deutschland-war-falschmeldung-klinikum-dementiert/","RT DE"
"266","""Die Menschen sollten zu allem Nein sagen""","1","https://insideparadeplatz.ch/2020/10/26/die-menschen-sollten-zu-allem-nein-sagen/","In$ide Paradeplatz"
"267","Unsere Kinder in Not - Juliane Prentice","1","","odysee"
"268","Expertenteam präsentiert erdrückende mögliche Gesundheitsgefahren durch Masken","1","","bitchute"
"269","Newsletter einer Chefärztin","1","https://www.comm4u.ch/?p=870","comm4u"
"270","Kinder in Coronazeiten","1","https://infekt.ch/2020/11/kinder-in-coronazeiten/","infekt.ch"
"271","Paul Schreyer: Pandemie-Planspiele – Vorbereitung einer neuen Ära?","1","","WIR - Wissen ist relevant"
"272","event 201","3","","event 201"
"273","Zweifel an Corona-Tests: Regierung verweigert Antwort","1","https://www.reitschuster.de/post/zweifel-an-corona-tests-regierung-verweigert-antwort/","reitschuster"
"274","Wissenschaftliche Daten zeigen, dass die Bewertung der aktuellen Neuinfektionszahlen falsch ist.","1","https://corona-transition.org/wissenschaftliche-daten-zeigen-dass-die-bewertung-der-aktuellen","Corona Transition"
"275","An Heiligabend geimpft, fünf Tage später tot","1","https://www.zeitpunkt.ch/heiligabend-geimpft-fuenf-tage-spaeter-tot","ZE!TPUNKT"
"276","RT-PCR-Tests: Was taugt der Schwellenwert?","1","https://www.medinside.ch/de/post/rt-pcr-tests-quo-vadis","medinside.ch"
"277","Studie zeigt: Lockdown nicht nur überflüssig, sondern schädlich. Japan als Gamechanger","1","https://sciencefiles.org/2020/10/26/studie-zeigt-lockdown-nicht-nur-uberflussig-sondern-schadlich-japan-als-gamechanger/","ScienceFiles"
"278","Covid-19 – Infektionslage, Belastung der Spitäler in der Schweiz KW 50","1","","Schweizerisch-Deutsch-Österreichischen Expertengruppe"
"279","Kinderarzt Eugen Janzen erklärt warum für Kinder Mund Nasen Schutz so gefährlich ist.","1","","bitchute"
"280","11.11.2020: Prognosen über Kapazitätsengpässe waren falsch","1","https://www.infosperber.ch/Artikel/Gesundheit/11112020-Prognosen-uber-Kapazitatsengpasse-waren-falsch","INFOsperber"
"281","Nobelpreisträger und Erfinder des PCR-Tests: Missbrauch möglich","1","https://www.wochenblick.at/nobelpreistraeger-und-erfinder-des-pcr-tests-missbrauch-moeglich/","Wochenblick"
"282","Leopoldina-ProfessorInnen sollen Aussage zum PCR-Test beeiden","1","https://2020news.de/leopoldina-professorinnen-sollen-aussage-zum-pcr-test-beeiden/","2020 News"
"283","Corona - mit strengen Hygienevorschriften zur sozialistischen Diktatur","1","https://www.wochenblick.at/corona-mit-strengen-hygienevorschriften-zur-sozialistischen-diktatur/","Wochenblick"
"284","Vor jeder Verschärfung der Massnahmen wurde mehr getestet","1","https://www.zeitpunkt.ch/vor-jeder-verschaerfung-der-massnahmen-wurde-mehr-getestet","ZE!TPUNKT"
"285","Experte kritisiert Coronavirus-Strategie: ""Alles versäumt worden, was irgendwie versäumt werden kann""","1","https://www.swr.de/swraktuell/baden-wuerttemberg/corona-interview-gerd-antes-100.html","SWR"
"286","Schluss mit dem Corona-Theater (mit Replik)","1","","Schweizer Ärztezeitung"
"287","Ein großes Schweigen geht zu Ende","1","https://www.heise.de/tp/features/Ein-grosses-Schweigen-geht-zu-Ende-4932731.html","Telepolis"
"288","menschenrechte","1","","menschenrechte"
"289","Saisonale Normalbelegung, keine Notlage: Chefarzt rechnet mit Corona-Hysterie ab","1","https://www.journalistenwatch.com/2020/11/01/saisonale-normalbelegung-notlage/","Jouwatch"
"290","Die Impfung gegen COVID-19 wird für die Bevölkerung kostenlos sein","1","https://www.admin.ch/gov/de/start/dokumentation/medienmitteilungen.msg-id-81514.html","Bundesrat"
"291","Der Betrug mit Zahlen","1","https://www.rubikon.news/artikel/der-betrug-mit-zahlen","Rubikon"
"292","Dr. Gut: «Wie Corona-Kritiker fertig gemacht werden»","1","https://linth24.ch/articles/29126-dr-gut-wie-corona-kritiker-fertig-gemacht-werden","linth24"
"293","Deutscher Richter erhebt Verfassungsbeschwerde in Sachen Corona","1","https://2020news.de/deutscher-richter-erhebt-verfassungsbeschwerde-in-sachen-corona/","2020 News"
"294","Corona ist älter als gedacht","1","https://www.achgut.com/artikel/corona_ist_aelter_als_gedacht","Achgut.com"
"295","virus-ursprung","1","","virus-ursprung"
"296","Zulassung von Corona-Impfstoff in der Kritik","1","https://www.zdf.de/nachrichten/politik/corona-impfstoff-zulassung-kritik-ludwig-100.html","ZDF"
"297","Der Medien-Trick mit der Übersterblichkeit","1","https://reitschuster.de/post/der-medien-trick-mit-der-uebersterblichkeit/","reitschuster"
"298","Corona-Schnelltests: Lückenhafte Qualitätskontrolle","1","https://www.tagesschau.de/investigativ/br-recherche/corona-schnelltests-101.html","tagesschau.de"
"299","schnelltest","2","","schnelltest"
"300","Querdenken-Anwalt Markus Haintz: Fundamentale Rechte sollten nicht erst eingeklagt werden müssen","1","https://www.epochtimes.de/politik/deutschland/querdenken-anwalt-markus-haintz-fundamentale-rechte-muessen-nicht-immer-erst-eingeklagt-werden-a3334654.html","Epoch Times"
"301","Drosten-Papier unter Beschuss","1","https://2020news.de/drosten-papier-unter-beschuss/","2020 News"
"302","Portugiesisches Gericht hebt Quarantäne auf: PCR-Tests ersetzen keine medizinische Diagnose","1","https://deutsch.rt.com/europa/109423-portugiesisches-berufungsgericht-haelt-pcr-tests-fuer-nicht-aussagekraeftig/","RT DE"
"303","Corona und Umfragen: Die simulierte Übereinstimmung","1","https://www.nachdenkseiten.de/?p=65789","NachDenkSeiten"
"304","Umfrage","1","","Umfrage"
"305","Den Teufel mit dem Beelzebub austreiben?","1","https://www.dieostschweiz.ch/artikel/den-teufel-mit-dem-beelzebub-austreiben-v1YwkKG","Die Ostschweiz"
"306","TV-Impf-Aktion: ""Entwürdigend und zutiefst inhuman""","1","https://reitschuster.de/post/tv-impf-aktion-entwuerdigend-und-zutiefst-inhuman/","reitschuster"
"307","Seit März starben neun von zehn Personen nicht an Corona","1","https://www.infosperber.ch/Artikel/Gesundheit/Seit-Marz-sind-zehnmal-mehr-nicht-an-oder-mit-Corona-gestorben","INFOsperber"
"308","Dubios: Deutsche Firmen entwickelten Corona-Impfstoff schon seit Januar","1","https://www.wochenblick.at/dubios-deutsche-firmen-entwickelten-corona-impfstoff-schon-seit-januar/","Wochenblick"
"309","Keine Übersterblichkeit, immer mehr zweifelnde Ärzte: Der größte Fehlalarm aller Zeiten","1","https://www.journalistenwatch.com/2020/10/02/keine-uebersterblichkeit-aerzte/","Jouwatch"
"310","Corona-Krise: Die Nächsten retten, die Fernsten ins Elend stürzen","1","https://www.nzz.ch/feuilleton/corona-krise-die-naechsten-retten-die-fernsten-ins-elend-stuerzen-ld.1592589","NZZ"
"311","Grossandrang bei Corona-Kundgebung in Lachen","1","https://linth24.ch/articles/39911-grossandrang-bei-corona-kundgebung-in-lachen","linth24"
"312","Berufungsgericht: «PCR-Positive sind nicht alle ansteckend»","1","https://www.infosperber.ch/Artikel/Gesundheit/Berufungsgericht-PCR-Positive-sind-nicht-alle-ansteckend1","INFOsperber"
"313","Der Preis der Schnelligkeit","1","","Deutsches Ärzteblatt"
"314","Hand in Hand für die Menschheit? BioNTech, Pfizer und der Corona-Impfstoff","1","https://de.rt.com/international/109140-hand-in-hand-fuer-die-menschheit-biontech-und-der-corona-impfstoff/","RT DE"
"315","Corona: Der oberste Zürcher Arzt Josef Widler äussert Kritik","1","https://www.nzz.ch/zuerich/corona-der-oberste-zuercher-arzt-josef-widler-aeussert-kritik-ld.1571770","NZZ"
"316","Eine Tortur ohne jede Evidenz","1","https://www.dieostschweiz.ch/artikel/eine-tortur-ohne-jede-evidenz-Kvrm3JJ","Die Ostschweiz"
"317","Diskussion über Sterblichkeit - Ethikerin zur Krise: «Debatte zwischen Jung und Alt zwingend»","1","https://www.srf.ch/news/schweiz/diskussion-ueber-sterblichkeit-ethikerin-zur-krise-debatte-zwischen-jung-und-alt-zwingend","SRF"
"318","Coronavirus: weitere Massnahmen zur Eindämmung der Epidemie, Einführung von Schnelltests, Reisequarantäne neu geregelt","1","https://www.bag.admin.ch/bag/de/home/das-bag/aktuell/medienmitteilungen.msg-id-80882.html","BAG"
"319","Corona-Maßnahmen, Kinder und die Linke: „Denkfaulheit, Opportunismus und ein Totalausfall“ (2/2)","1","https://www.nachdenkseiten.de/?p=68271","NachDenkSeiten"
"320","Epidemiologe Dr. Tom Jefferson zu PCR-Breitentestungen: ""Irgendetwas läuft hier gewaltig schief""","1","https://de.rt.com/gesellschaft/110552-epidemiologe-dr-tom-jefferson-zu/","RT DE"
"321","Aufforderung zum Rückzug der Leopoldina-Stellungnahme","1","https://2020news.de/aufforderung-zum-rueckzug-der-leopoldina-stellungnahme/","2020 News"
"322","Maskenpflicht in der Grundschule","1","https://www.heise.de/tp/features/Maskenpflicht-in-der-Grundschule-4959380.html","Telepolis"
"323","Coronavirus disease (COVID-19): Serology, antibodies and immunity","1","https://www.who.int/news-room/q-a-detail/coronavirus-disease-covid-19-serology","WHO"
"324","Der Störenfriedrich. Ein Amtsarzt widerspricht Markus Söder und wird zwangsisoliert.","1","https://www.nachdenkseiten.de/?p=67766","NachDenkSeiten"
"325","KenFM am Set: Dr. Wolfgang Wodarg (Corona und der PCR-Test)","1","","KenFM"
"326","Das rechtliche Pandemieregime passt vorne und hinten nicht","1","https://miloszmatuschek.substack.com/p/das-rechtliche-pandemieregime-passt","substack.com"
"327","Studie sieht Sterblichkeit tief, BAG giga-hoch","1","https://insideparadeplatz.ch/2020/10/21/studie-sieht-sterblichkeit-tief-bag-giga-hoch/","In$ide Paradeplatz"
"328","Rechtsanwalt: Pflicht zu Massentests und Massenimpfungen unzulässig!","1","https://www.wochenblick.at/rechtsanwalt-pflicht-zu-massentests-und-impfungen-unzulaessig/","Wochenblick"
"329","«Propheten der Pandemie» – eine Replik","1","https://www.medinside.ch/de/post/propheten-der-pandemie-eine-replik","medinside.ch"
"330","Australien: Covid-19-Impfstoffprojekt wegen Nebeneffekt gestoppt","1","https://www.pharmazeutische-zeitung.de/covid-19-impfstoffprojekt-wegen-nebeneffekt-gestoppt-122479/","Pharmazeutische Zeitung"
"331","Kinder und Corona - Die Rolle von Kindern in der Pandemie","1","https://www.srf.ch/news/schweiz/kinder-und-corona-die-rolle-von-kindern-in-der-pandemie","SRF"
"332","Was steckt hinter der Corona-Politik?","1","https://multipolar-magazin.de/artikel/was-steckt-hinter-der-corona-politik","multipolar"
"333","Belastende Coronakrise - Auffallend mehr Notfälle in Kinder- und Jugendpsychiatrien","1","https://www.srf.ch/news/schweiz/belastende-coronakrise-auffallend-mehr-notfaelle-in-kinder-und-jugendpsychiatrien","SRF"
"334","Coronasorgen - «Lage ist aufgrund der tödlichen Fälle nicht ernst»: Infektiologe Pietro Vernazza macht sich keine ernsten Sorgen","1","https://www.tagblatt.ch/ostschweiz/die-schweren-erkrankungen-nehmen-ab-stgaller-infektiologe-pietro-vernazza-sieht-keinen-grund-fuer-ernsthafte-coronabesorgnis-ld.1270128","tagblatt.ch"
"335","Zweite Welle erfunden? 90% der ""Infizierten"" laut Forscher falsch-positiv","1","https://www.wochenblick.at/zweite-welle-erfunden-90-der-infizierten-sind-falsch-positiv/","Wochenblick"
"336","Krise durch Corona - oder durch aufaddierte Testergebnisse","1","https://www.dieostschweiz.ch/artikel/krise-durch-corona-oder-durch-aufaddierte-testergebnisse-5YQ5OlO","Die Ostschweiz"
"337","«Die Coronamassnahmen blockieren jede Alternative»","1","https://www.dieostschweiz.ch/artikel/die-coronamassnahmen-blockieren-jede-alternative-Kvr7XNo","Die Ostschweiz"
"338","60% der Kinder zornig: neue deutsche Maskenstudie","1","https://2020news.de/60-der-kinder-zornig-neue-deutsche-maskenstudie/","2020 News"
"339","Umarmt Euch!","1","https://www.dieostschweiz.ch/artikel/umarmt-euch-y98qQJx","Die Ostschweiz"
"340","Hohe Gesundheitsrisiken durch das Maskentragen bei Kindern","1","","bitchute"
"341","Die «Covidioten» sind auf dem Vormarsch","1","https://linth24.ch/articles/26511-die-covidioten-sind-auf-dem-vormarsch","linth24"
"342","Das Problem sind nicht mehr die Behörden - es sind die Bürger","1","https://www.dieostschweiz.ch/artikel/das-problem-sind-nicht-mehr-die-behoerden-es-sind-die-buerger-VznJEyp","Die Ostschweiz"
"343","Corona-Stellungnahme: Der Lieferservice der Leopoldina","1","https://www.achgut.com/artikel/corona_stellungnahme_der_lieferservice_der_leopoldina","Achgut.com"
"344","Corona: Intensivmediziner – „Haben noch Kapazitäten auf Intensivstationen“","1","https://www.welt.de/politik/deutschland/article222675844/Corona-Intensivmediziner-Haben-noch-Kapazitaeten-auf-Intensivstationen.html","Die Welt"
"345","6.11.20: Auslastung auf Intensivstationen erneut gestiegen","1","https://www.infosperber.ch/Artikel/Gesundheit/271020-Auslastung-auf-Intensivstationen-noch-wie-im-Juni","INFOsperber"
"346","Warum es keine Corona-Impfpflicht geben wird","1","https://www.n-tv.de/politik/Warum-es-keine-Corona-Impfpflicht-geben-wird-article22227746.html","ntv"
"347","Das Phänomen Marco Rima - und was es über den Rest aussagt","1","https://www.dieostschweiz.ch/artikel/das-phaenomen-marco-rima-und-was-es-ueber-den-rest-aussagt-bGj3vm7","Die Ostschweiz"
"348","Immunität bei Covid-19: Studie findet langlebige Antikörper","1","https://www.nzz.ch/wissenschaft/mmunitaet-bei-covid-19-studie-findet-langlebige-antikoerper-ld.1585156","NZZ"
"349","Paul Schreyer zu Covid-19: „Es ist an der Zeit, die Notbremse zu ziehen“","1","https://www.nachdenkseiten.de/?p=64984","NachDenkSeiten"
"350","Risiken und Nebenwirkungen, aber keine Packungsbeilage. Die Corona-Eindämmung droht mehr Leid zu verursachen, als sie verhindert.","1","https://www.nachdenkseiten.de/?p=67088","NachDenkSeiten"
"351","Maskenpflicht beruht auf ""Glauben""","1","https://www.reitschuster.de/post/maskenpflicht-beruht-auf-glauben/","reitschuster"
"352","Pandemie - Aargauer Nationalrätinnen fordern: Quarantäne für Kleinkinder soll fallen","1","https://www.tagblatt.ch/schweiz/eltern-gingen-mit-kindern-trotz-quarantaene-allein-in-den-wald-sie-fuehlen-sich-wie-verbrecher-ld.1274068","tagblatt.ch"
"353","Kindheitsforscher Michael Hüter: 'Eine ganze Generation wurde kollektiv traumatisiert'","1","","RT DE"
"354","Biontech-Impfstoff: Mit diesen Nebenwirkungen ist zu rechnen","1","https://www.pharmazeutische-zeitung.de/mit-diesen-nebenwirkungen-ist-zu-rechnen-122462/","Pharmazeutische Zeitung"
"355","Wodarg warnt: „Man will uns die Immunität aberkennen!“","1","https://www.epochtimes.de/gesundheit/wodarg-warnt-man-will-uns-die-immunitaet-aberkennen-a3412889.html","Epoch Times"
"356","Offener Brief","1","https://www.comm4u.ch/?p=644","comm4u"
"357","Coronavirus - «Nicht den Quatsch der anderen Länder mitmachen»: Umstrittene Wissenschafter kritisieren die Schweiz","1","https://www.tagblatt.ch/schweiz/corona-pandemie-schluss-mit-masken-weg-mit-quarantaene-fertig-mit-abstandhalten-umstrittene-wissenschafter-raten-schweiz-zur-rueckkehr-in-die-normalitaet-ld.1261357","tagblatt.ch"
"358","NZZ kickt Covid-Kritiker mit den Giga-Klicks","1","https://insideparadeplatz.ch/2020/09/09/nzz-kickt-covid-kritiker-mit-giga-klickzahlen/","In$ide Paradeplatz"
"359","Coronavirus - Zürcher Studie beweist: Schulkinder geben das Virus selten weiter","1","https://www.tagblatt.ch/leben/coronavirus-zuercher-studie-beweist-schulkinder-geben-das-virus-seltener-weiter-ld.2079189","tagblatt.ch"
"360","Stell dir vor, es gibt einen Skandal - und keiner schaut hin","1","https://www.dieostschweiz.ch/artikel/stell-dir-vor-es-gibt-einen-skandal-und-keiner-schaut-hin-8k5zGPr","Die Ostschweiz"
"361","Die ""Drosten-Bombe"" und ihre Folgen","1","https://2020news.de/die-drosten-bombe-und-ihre-folgen/","2020 News"
"362","Möglicher Suizid: Zahl der Rettungseinsätze steigt massiv an","1","https://www.berliner-zeitung.de/news/berliner-feuerwehr-zahl-der-einsaetze-wegen-moeglichem-suiziden-steigt-massiv-an-li.117723","Berliner Zeitung"
"363","Noch einmal: Keine «Fallzahlen» ohne Zahl der Tests","1","https://www.infosperber.ch/Gesundheit/Noch-immer-werden-Fallzahlen-ohne-Testzahlen-verbreitet","INFOsperber"
"364","Coronavirus: Zweiter Lockdown für Verfassungsrechtler rechtswidrig","1","https://www.welt.de/wirtschaft/plus218221422/Coronavirus-Zweiter-Lockdown-fuer-Verfassungsrechtler-rechtswidrig.html","Die Welt"
"365","LIVE - Experten Talk - Covid 19 - Saalbach - Hinterglemm","1","","bitchute"
"366","Unsere Polizisten und Polizistinnen sind keine Leibeigenen der schwarz-grünen Bundesregierung","1","https://www.auf.at/news-detail/artikel/unsere-polizisten-und-polizistinnen-sind-keine-leibeigenen-der-schwarz-gruenen-bundesregierung/","AUF"
"367","Weltweites Totalversagen: Studie bestätigt völlige Wirkungslosigkeit aller Corona-Maßnahmen","1","https://www.journalistenwatch.com/2020/09/08/weltweites-totalversagen-studie/","Jouwatch"
"368","Former Pfizer VP: ‘No need for vaccines,’ ‘the pandemic is effectively over’","1","https://www.lifesitenews.com/news/former-pfizer-vp-no-need-for-vaccines-the-pandemic-is-effectively-over","LifeSiteNews"
"369","Coronavirus disease (COVID-19): Serology","1","https://web.archive.org/web/20201101161006/https://www.who.int/news-room/q-a-detail/coronavirus-disease-covid-19-serology","World Health Organization"
"370","Rechtsanwalt belegt: Ohne PCR-Test keine Pandemie","1","https://www.wochenblick.at/rechtsanwalt-belegt-ohne-pcr-test-keine-pandemie/","Wochenblick"
"371","Spitäler am Anschlag!","1","https://www.dieostschweiz.ch/artikel/spitaeler-am-anschlag-KvrzAPo","Die Ostschweiz"
"372","Die Köpfe deutscher Corona-Strategie sehen immer noch alles schwarz, schwarz, schwarz","1","https://www.focus.de/regional/hamburg/hamburger-kv-chef-im-interview-bei-entscheidern-ueber-deutsche-corona-strategie-ist-noch-immer-alles-schwarz-schwarz-schwarz_id_12582539.html","Focus Online"
"373","Korrektur zum Telepolis-Artikel ""Der schwedische Corona-Weg: Erfolg oder Misserfolg?""","1","https://www.heise.de/tp/features/Korrektur-zum-Telepolis-Artikel-Der-schwedische-Corona-Weg-Erfolg-oder-Misserfolg-4987759.html","Telepolis"
"374","Die Alten sind in ihrem Leben bedroht – die gesellschaftlichen Folgen tragen vor allem die Jungen","1","https://www.nzz.ch/visuals/die-alten-sind-in-ihrem-leben-bedroht-die-gesellschaftlichen-folgen-tragen-vor-allem-die-juengeren-ld.1592659","NZZ"
"375","jugend","1","","jugend"
"376","Wo ist die Grippe geblieben?","1","https://www.achgut.com/artikel/wo_ist_die_grippe_geblieben","Achgut.com"
"377","Künstler widersprechen verordneter Corona-Pandemie-Geschichte","1","https://www.wochenblick.at/kuenstler-widersprechen-verordneter-corona-pandemie-geschichte/","Wochenblick"
"378","Die Maskenpflicht wird immer zweifelhafter","1","https://www.achgut.com/artikel/neue_studie_die_maskenpflicht_wird_immer_zweifelhafter","Achgut.com"
"379","Auf hauchdünnem Eis","1","https://www.rubikon.news/artikel/auf-hauchdunnem-eis","Rubikon"
"380","Liebe Frau Low, wollen Sie die Beizer endgültig kaputtmachen?","1","https://www.dieostschweiz.ch/artikel/liebe-frau-low-wollen-sie-die-beizer-endgueltig-kaputtmachen-VznkMQQ","Die Ostschweiz"
"381","Die Medikamenten-Tragödie","1","https://www.rubikon.news/artikel/die-medikamenten-tragodie","Rubikon"
"382","therapeutikum","4","","therapeutikum"
"383","Gastkommentar - Die Coronavirus-Infektionszahlen steigen immer weiter an – es ist Zeit für ein Umdenken","1","https://www.tagblatt.ch/schweiz/die-coronavirus-infektionszahlen-steigen-immer-weiter-an-es-ist-zeit-fuer-ein-umdenken-ld.1266226","tagblatt.ch"
"384","Coronavirus: Maskenpflicht im öffentlichen Verkehr, Quarantäne für Einreisende aus Risikogebieten, Aufhebung gewisser Einreisebeschränkungen ab dem 20. Juli","1","https://www.bag.admin.ch/bag/de/home/das-bag/aktuell/medienmitteilungen.msg-id-79711.html","BAG"
"385","Schickt niemanden, der nicht ansteckend ist, in Quarantäne!","1","https://www.infosperber.ch/Artikel/Gesundheit/Schickt-niemanden-der-nicht-ansteckend-ist-in-Quarantane","INFOsperber"
"386","USA: Krankenpfleger eine Woche nach Impfung positiv auf SARS-CoV-2 getestet","1","https://de.rt.com/nordamerika/111206-usa-krankenbruder-woche-nach-impfung/","RT DE"
"387","Eine Woche Corona-Statistik OÖ: 81,8 Jahre Altersschnitt, alle vorerkrankt","1","https://www.wochenblick.at/auswertung-corona-tote-in-oberoesterreich-818-jahre-alt-alle-vorerkrankt/","Wochenblick"
"388","Historisches Wissenschaftsversagen","1","https://www.rubikon.news/artikel/historisches-wissenschaftsversagen","Rubikon"
"389","Lockern oder verschärfen? Welche Corona-Regeln sind richtig?","1","https://www1.wdr.de/mediathek/video/sendungen/ihre-meinung/video-lockern-oder-verschaerfen-welche-corona-regeln-sind-richtig-100.html","ARD-Mediathek"
"390","Coronaimpfstoff: Steuerzahler sollen Herstellerrisiken mittragen","1","https://www.aerzteblatt.de/nachrichten/116022/Coronaimpfstoff-Steuerzahler-sollen-Herstellerrisiken-mittragen","Deutsches Ärzteblatt"
"391","Ausgeknipst: Sobald es ernst wird, wird die Kultur zum Schweigen gebracht","1","https://www.nzz.ch/feuilleton/ausgeknipst-solange-die-kultur-der-erbauung-und-der-wertschoepfung-dient-darf-sie-spielen-sobald-es-ernst-wird-hat-sie-zu-schweigen-ld.1584227","NZZ"
"392","Welche Solidarität ist denn gemeint?","1","https://www.dieostschweiz.ch/artikel/welche-solidaritaet-ist-denn-gemeint-mmAm5Jm","Die Ostschweiz"
"393","Tabula Rasa: Der große Reset - Robert Stein","1","","Youtube"
"394","""Kindeswohlgefährdung"" durch Corona-Politik?","1","https://www.reitschuster.de/post/kindeswohlgefaehrung-durch-corona-massnahmen/","reitschuster"
"395","Epidemie der Zensur: Twitter will Beiträge löschen, die auf mögliche Impfschäden hinweisen","1","https://de.rt.com/gesellschaft/110667-epidemie-zensur-twitter-will-beitrage-impfschaden-loschen/","RT DE"
"396","Das irreführende Starren auf die Corona-Fallzahlen","1","","infosperber"
"397","Strafanzeige gegen St.Galler Regierungsrat","1","https://linth24.ch/articles/44934-strafanzeige-gegen-st-galler-regierungsrat","linth24"
"398","Kranke Todeszahlen","1","https://www.dieostschweiz.ch/artikel/kranke-todeszahlen-7owJYR9","Die Ostschweiz"
"399","Schon zwei Tote nach Verabreichung der Corona-Impfung","1","https://www.wochenblick.at/schon-zwei-tote-nach-verabreichung-der-corona-impfung/","Wochenblick"
"400","Psychologe warnt vor Einfluss von Masken auf Kindern","1","https://www.nau.ch/news/schweiz/psychologe-warnt-vor-einfluss-von-masken-auf-kindern-65777903","Nau"
"401","Ärzte für die Freiheit","1","https://www.rubikon.news/artikel/arzte-fur-die-freiheit","Rubikon"
"402","mRNA-Impfstoffe gegen Covid-19: Impfreaktionen können sehr heftig sein","1","https://www.pharmazeutische-zeitung.de/impfreaktionen-koennen-sehr-heftig-sein-122410/","Pharmazeutische Zeitung"
"403","Über Nacht verschwinden 34’000 Schweizer aus der Quarantäne-Statistik des Bundes","1","https://corona-transition.org/uber-nacht-verschwinden-34-000-schweizer-aus-der-quarantane-statistik-des","Corona Transition"
"404","Corona-Impfstoffe: Gigantisches Tappen im Dunkeln?","1","https://www.heise.de/tp/features/Corona-Impfstoffe-Gigantisches-Tappen-im-Dunkeln-4969117.html","Telepolis"
"405","«Aus Angst vor dem Tod aufs Leben verzichten»","1","https://linth24.ch/articles/30887-aus-angst-vor-dem-tod-aufs-leben-verzichten","linth24"
"406","Kollabierte Kommunikation: Was, wenn am Ende «die Covidioten» recht haben?","1","https://www.nzz.ch/meinung/kollabierte-kommunikation-was-wenn-am-ende-die-covidioten-recht-haben-ld.1574096","NZZ"
"407","Ärztin für Arbeitsmedizin: Potentielle Schädlichkeit von Masken - Würde es sonst Schutzvorschriften","1","","mediarebell"
"408","Digitale Ausweise – ein Traum für den Überwachungsstaat","1","https://www.infosperber.ch/politik/welt/digitale-ausweise-ein-traum-fuer-den-ueberwachungsstaat/","INFOsperber"
"409","impfpass","1","","impfpass"
"410","id2020","2","","id2020"
"411","Diskussion um Corona-Impfung - Ein Impfzwang für alle ist gar nicht möglich","1","https://www.srf.ch/news/schweiz/diskussion-um-corona-impfung-ein-impfzwang-fuer-alle-ist-gar-nicht-moeglich","SRF"
"412","Vitamin-D-Mangel: ein möglicher Risikofaktor für schwere Covid-19","1","https://www.nzz.ch/wissenschaft/vitamin-d-mangel-ein-moeglicher-risikofaktor-fuer-schwere-covid-19-ld.1577127","NZZ"
"413","vitamin d","1","","vitamin d"
"414","Abrechnung mit dem Mainstream – Stinkefinger an die Zensur!","1","https://www.wochenblick.at/abrechnung-mit-dem-mainstream-stinkefinger-an-die-zensur/","Wochenblick"
"415","Schweizer stirbt nach Covid-Impfung","1","https://www.n-tv.de/ticker/Todesfall-nach-Covid-Impfung-in-der-Schweiz-article22262796.html","ntv"
"416","„Wir haben keine zweite Welle, wir haben einen Labor-Tsunami“: Ärztekammer für OÖ warnt vor Corona-Panik","1","https://www.tips.at/nachrichten/linz/land-leute/516667-wir-haben-keine-zweite-welle-wir-haben-einen-labor-tsunami-aerztekammer-fuer-ooe-warnt-vor-corona-panik","Tips"
"417","Massive Kritik an PCR-Test-Studie von Corman und Drosten – Wissenschaftler fordern Widerruf","1","https://www.epochtimes.de/gesundheit/schwerwiegende-kritik-wissenschaftler-fordern-widerruf-von-corman-drosten-studie-zu-pcr-tests-a3396154.html","Epoch Times"
"418","Es geht nicht um Gesundheit, sondern um den globalen Wettbewerb","1","https://www.dieostschweiz.ch/artikel/es-geht-nicht-um-gesundheit-sondern-um-den-globalen-wettbewerb-r65RRpy","Die Ostschweiz"
"419","Sechs Personen sterben während des Testlaufs von Pfizer-Impfstoff in den USA","1","https://de.rt.com/nordamerika/110283-sechs-personen-sterben-wahrend-testlaufs-von-pfizer-impfstoff/","RT DE"
"420","""Deutliche Nachteile der Maske"" bei Covid-19","1","https://www.reitschuster.de/post/deutliche-nachteile-der-maske-bei-covid-19/","reitschuster"
"421","Kommt die CoviDDR 2.0 – oder ist sie schon da?","1","https://miloszmatuschek.substack.com/p/kommt-die-coviddr-20-oder-ist-sie","substack.com"
"422","Post-lockdown SARS-CoV-2 nucleic acid screening in nearly ten million residents of Wuhan, China","1","https://www.nature.com/articles/s41467-020-19802-w","Nature Medicine"
"423","Wenn Wissenschaftler baren Unsinn schwatzen","1","https://www.dieostschweiz.ch/artikel/wenn-wissenschaftler-baren-unsinn-schwatzen-OQW6JqJ","Die Ostschweiz"
"424","Nutzlose Corona-Massnahme – Gesundheitsamt verschwieg Zahlen zu umstrittener Reisequarantäne","1","https://www.tagesanzeiger.ch/gesundheitsamt-verschwieg-zahlen-zu-umstrittener-reisequarantaene-644822952726","Tagesanzeiger"
"425","Ärzteverband fordert Corona-Lockerungen","1","https://www.n-tv.de/panorama/Arzteverband-fordert-Corona-Lockerungen-article22029738.html","ntv"
"426","Aussagen zur Corona-Krise: Mediziner Wodarg verklagt ""Volksverpetzer""","1","https://de.rt.com/gesellschaft/109767-aussagen-zur-corona-krise-mediziner-wodarg-verklagt-volksverpetzer/","RT DE"
"427","PCR-Testhersteller räumt ein: Hälfte der positiv Getesteten ist möglicherweise nicht infektiös","1","https://de.rt.com/inland/110981-pcr-test-hersteller-raumt-moglicherweise/","RT DE"
"428","«Infektionskrankheiten gehören so zum Leben wie der Tod»","1","https://www.medinside.ch/de/post/infektionskrankheiten-gehoeren-so-zum-leben-wie-der-tod","medinside.ch"
"429","Die medizinischen Ungereimtheiten","1","https://miloszmatuschek.substack.com/p/ungereimtheiten","substack.com"
"430","Vorschläge für eine geglückte Kommunikation","1","https://miloszmatuschek.substack.com/p/vorschlge-fr-eine-geglckte-kommunikation","substack.com"
"431","Statistiken zu Intensivbetten sorgen für Verwirrung","1","https://www.medinside.ch/de/post/statistiken-zu-intensivbetten-sorgen-fuer-verwirrung","medinside.ch"
"432","sgi","1","","sgi"
"433","Die angebliche Superspreaderin von Garmisch","1","https://www.tagesschau.de/faktenfinder/superspreaderin-garmisch-corona-101.html","tagesschau.de"
"434","Toter bei Corona-Impfstoff-Studie von Astra Zeneca in Brasilien","1","https://www.handelsblatt.com/technik/forschung-innovation/impfstoff-forschung-toter-bei-corona-impfstoff-studie-von-astra-zeneca-in-brasilien/26297134.html","Handelsblatt"
"435","astrazeneca","3","","astrazeneca"
"436","Von Lehrern & Schülern - Ein Kommentar von Martin Hoffmann","1","","Verborgene Wahrheit"
"437","Das Bundesamt gegen Treu und Glauben","1","https://corona-transition.org/das-bundesamt-gegen-treu-und-glauben","Corona Transition"
"438","Das rechtliche Pandemieregime passt vorne und hinten nicht","1","https://miloszmatuschek.substack.com/p/rechtlichesregimevorschau","substack.com"
"439","Hausdurchsuchung bei Corona-kritischem Arzt hat jetzt parlamentarisches Nachspiel","1","https://www.unzensuriert.at/content/113110-hausdurchsuchung-bei-corona-kritischem-arzt-hat-jetzt-parlamentarisches-nachspiel/","Unzensuriert"
"440","Corona: Studie über die Wirksamkeit von Masken bleibt unveröffentlicht","1","https://deutsch.rt.com/gesellschaft/108114-corona-studie-ueber-wirksamkeit-von-masken-bleibt-unveroeffentlicht/","RT DE"
"441","Out-of-Stock – COVID-19 – Bewilligungen zum befristeten Import und Vertrieb von Humanarzneimitteln – Update","1","https://www.swissmedic.ch/out-of-stock-covid19","Swissmedic"
"442","swissmedic","3","","swissmedic"
"443","An, mit, nach oder ohne Corona: Das Sterben in den Pflegeheimen","1","https://de.rt.com/meinung/110884-an-mit-nach-oder-ohne-corona/","RT DE"
"444","Achtung, Diktatur!","1","https://www.rubikon.news/artikel/achtung-diktatur","Rubikon"
"445","Endlich werden die richtigen Fragen gestellt!","1","https://www.insidecorona.ch/2020/10/29/endlich-werden-die-richtigen-fragen-gestellt/","InsideCorona"
"446","Maskenpflicht wird zum Gerichtsfall","1","https://www.linth24.ch/articles/38244-maskenpflicht-wird-zum-gerichtsfall","linth24"
"447","Italien: Studie belegt stark erhöhten CO2-Wert unter der Maske","1","https://2020news.de/italien-studie-belegt-stark-erhoehten-co2-wert-unter-der-maske/","2020 News"
"448","Corona-Ausschuss: ""Es steht und fällt alles mit der Spezifität dieser Tests""","1","https://deutsch.rt.com/gesellschaft/105055-corona-ausschuss-drosten-test-immunologie/","RT DE"
"449","Am Friedrich-Löffler-Institut läuft ein Impf-Tierversuch","1","https://2020news.de/am-friedrich-loeffler-institut-laeuft-ein-impf-tierversuch/","2020 News"
"450","Sonderauswertung Sterbefälle Deutschland 2020: Bis November exakt im Schnitt der Vorjahre","1","https://www.epochtimes.de/gesundheit/sonderauswertung-sterbefaelle-deutschland-2020-bis-november-exakt-im-schnitt-der-vorjahre-a3393926.html","Epoch Times"
"451","Riesenskandal aufgedeckt: Covid-19-Impfung zerstört unser Immunsystem nachhaltig","1","https://2020news.de/riesen-skandal-aufgedeckt-covid-19-impfung-zerstoert-unser-immunsystem-nachhaltig/","2020 News"
"452","immunsystem","2","","immunsystem"
"453","Corona-Aktivismus in der Deutschschweiz: Gehorsam ist angesagt, egal ob es etwas nützt","1","https://www.weltwoche-daily.ch/beitrag/auf-die-festtage-hat-der-corona-aktivismus-die-deutschschweiz-erreicht-gehorsam-ist-angesagt-egal-ob-es-etwas-nuetzt/","Weltwoche daily"
"454","Infektiologe für mehr Gelassenheit","1","https://science.orf.at/stories/3202012","ORF"
"455","Corona als Sündenbock: Zentralbanken haben uns ins Desaster geführt","1","https://www.wochenblick.at/corona-als-suendenbock-zentralbanken-haben-uns-ins-desaster-gefuehrt/","Wochenblick"
"456","WHO Information Notice for IVD Users","1","https://web.archive.org/web/20201215013928/https://www.who.int/news/item/14-12-2020-who-information-notice-for-ivd-users","WHO"
"457","«Die meisten Menschen sind gegen das Virus sowieso immun»","1","https://baernerbaer.ch/baern/die-meisten-menschen-sind-gegen-das-virus-sowieso-immun/","Bärnerbär"
"458","UKE-Studie: Kinder leiden psychisch stark unter Corona","1","https://www.ndr.de/nachrichten/hamburg/coronavirus/UKE-Studie-Kinder-leiden-psychisch-stark-unter-Corona,uke678.html","NDR"
"459","Corona-Religion und das Schweigen der Lämmer","1","https://www.dieostschweiz.ch/artikel/corona-religion-und-das-schweigen-der-laemmer-4Y5zoXD","Die Ostschweiz"
"460","Laut Statistik: Länder mit Lockdown haben höhere Sterberate","1","https://deutsch.rt.com/inland/109155-laut-statistik-lander-mit-lockdown/","RT DE"
"461","Zur Behandlung von Covid-19","1","https://swprs.org/zur-behandlung-von-covid-19/","Swiss Policy Research"
"462","Corona-Politik: Grundlegende PCR-Test-Studie auf Treibsand gebaut?","1","https://www.achgut.com/artikel/corona_politik_grundlegende_pcr_test_studie_auf_treibsand_gebaut","Achgut.com"
"463","Lockdown: Überschätzten wir uns selbst?","1","https://infekt.ch/2020/10/lockdown-ueberschaetzten-wir-uns-selbst-2/","infekt.ch"
"464","Das asymptomatische SARS-(Karten-)Haus stürzt ein: Nächste Studie findet kaum asymptomatische Übertragung","1","https://sciencefiles.org/2020/12/28/das-asymptomatische-sars-karten-haus-sturzt-ein-nachste-studie-findet-kaum-asymptomatische-ubertragung/","ScienceFiles"
"465","Die Sehnsucht nach Führung ist zurück","1","https://reitschuster.de/post/die-sehnsucht-nach-fuehrung-ist-zurueck/","reitschuster"
"466","Studie: Erhöhen Masken die Sterblichkeit?","1","https://reitschuster.de/post/studie-erhoehen-die-masken-die-sterblichkeit/","reitschuster"
"467","Dr. Claus Köhnlein über 'fatale Corona-Experimente' der WHO","1","","Youtube"
"468","Kinderarzt lässt die „Bombe“ platzen und kündigt eine Klage beim Gerichtshof in Den Haag an","1","","bitchute"
"469","Liebesgrüße aus MV: Landkreis schickt Querdenker Mega-Strafzettel","1","https://www.nordkurier.de/neustrelitz/landkreis-schickt-querdenker-mega-strafzettel-2241835512.html","Nordkurier"
"470","Riesen-Durcheinander bei Corona-Zahlen","1","https://www.reitschuster.de/post/riesen-durcheinander-bei-corona-zahlen/","reitschuster"
"471","Prof. Addo: 60% mit Schüttelfrost nach zweiter Impfdosis","1","https://2020news.de/prof-addo-60-mit-schuettelfrost-nach-zweiter-impfdosis/","2020 News"
"472","Covid-PCR-Test: Wie empfindlich ist er eigentlich?","1","https://infekt.ch/2020/11/covid-pcr-test-wie-empfindlich-ist-er-eigentlich/","infekt.ch"
"473","Behörden geben zu viele Corona-Hospitalisierte und -Tote an","1","https://www.infosperber.ch/Artikel/Gesundheit/Behorden-geben-zu-viele-Corona-Hospitalisierte-und--Tote-an","INFOsperber"
"474","COVID-19-Lockdowns – Mittel zum Zweck des „Great Reset""","1","https://www.epochtimes.de/meinung/gastkommentar/covid-19-lockdowns-mittel-zum-zweck-des-great-reset-der-grossen-transformation-der-welt-a3395004.html","Epoch Times"
"475","Masken als Todesursache","1","https://telegra.ph/Wie-Masken-zur-Todesursache-werden-k%C3%B6nnten-10-17","telegra.ph"
"476","Bruno Damann: Der mutigste Regierungs-Präsident der Schweiz!","1","https://linth24.ch/articles/33345-regierungspraesident-zeigt-mut-linke-fordern-ruecktritt","linth24"
"477","Berlin: Anfrage zu PCR-Tests und Antwort des Senats","1","https://www.berliner-zeitung.de/news/anfrage-an-berliner-senat-weckt-zweifel-an-aussagekraft-von-pcr-test-li.117128","Berliner Zeitung"
"478","Japan: Mehr Selbstmorde im Oktober als Corona-Tote im ganzen Jahr","1","https://www.epochtimes.de/society/japan-mehr-selbstmorde-im-oktober-als-corona-tote-im-ganzen-jahr-a3413594.html","Epoch Times"
"479","Auffälliges Schweigen über Schweden. Hier ein Bericht von Henning Rosenbusch","1","https://www.nachdenkseiten.de/?p=66378","NachDenkSeiten"
"480","Wie kommt endlich ein Dialog zustande?","1","https://www.zeitpunkt.ch/wie-kommt-endlich-ein-dialog-zustande","ZE!TPUNKT"
"481","Ursache unbekannt: Allergische Reaktion auf Corona-Impfstoff gibt Forschern Rätsel auf","1","https://www.focus.de/gesundheit/news/nanopartikel-und-pegs-im-verdacht-allergische-reaktion-auf-corona-impfstoffe_id_12814552.html","Focus Online"
"482","Fresenius-Chef Sturm: Einseitiger Blick auf Intensivbetten ist falsch – stehen nicht vor Kollaps","1","https://www.rnd.de/gesundheit/corona-und-gesundheitssystem-fresenius-chef-kritisiert-einseitigen-blick-auf-intensivbetten-BSLOOBWHJQDZV6YLOEGF7D5HQY.html","RND"
"483","Chef der Arzneimittelkommission: Spahn übte Druck bei der Impfstoff-Zulassung aus","1","https://de.rt.com/inland/110813-chef-arzeimittel-kommision-spahn-hat/","RT DE"
"484","Medizinprofessor Schrappe: Zahlen des RKI sind ""nichts wert""","1","https://www.zdf.de/nachrichten/zdfheute-live/videos/schrappe-corona-kritik-video-100.html","ZDF"
"485","Corona: Sicherheit kontra Freiheit","1","","arte"
"486","Neurologin kritisiert Maskenpflicht und Abstandsregeln: „Menschenverachtend und kriminell""","1","https://www.epochtimes.de/politik/deutschland/neurologin-margareta-griesz-brisson-kritisiert-maskenpflicht-kindern-und-jugendlichen-den-sauerstoff-zu-rauben-ist-kriminell-a3344105.html","Epoch Times"
"487","Testen, bis man krank ist","1","https://www.weltwoche.ch/ausgaben/2020-42/diese-woche/testen-bis-man-krank-ist-die-weltwoche-ausgabe-42-2020.html","Weltwoche"
"488","Corona-Verbote: Gerichte erinnern an Selbstverständliches","1","https://www.nzz.ch/meinung/deutsche-gerichte-kippen-corona-verbote-und-erinnern-damit-an-selbstverstaendliches-freiheit-ist-die-regel-nicht-die-ausnahme-ld.1574538","NZZ"
"489","Taugen Lockdowns als Mittel, um die Sterblichkeit mit Covid-19 zu verringern?","1","https://www.nachdenkseiten.de/?p=67017","NachDenkSeiten"
"490","Toxikologe Hockertz: Zulassung des Corona-Impfstoffs ist „vorsätzliche grobe Körperverletzung“","1","https://snanews.de/20201216/toxikologe-corona-impfstoff-187459.html","SNA"
"491","So ein Zufall: Bill Gates investierte im Vorjahr in Impfstoff-Firma Biontech","1","https://www.wochenblick.at/so-ein-zufall-bill-gates-investierte-im-vorjahr-in-impfstoff-firma-biontech/","Wochenblick"
"492","Ceterum censeo: Positiv Getestete sind keine kranken Patienten","1","https://www.infosperber.ch/Artikel/Medien/Ceterum-censeo-Positiv-Getestete-sind-nicht-Kranke","INFOsperber"
"493","World Freedom Alliance: Stockholm - Part 1","1","","World Freedom Alliance"
"494","Polizisten gegen Masken-Verordnung: ""Keine Leibeigenen der Regierung""","1","https://www.wochenblick.at/polizisten-gegen-masken-verordnung-keine-leibeigenen-der-regierung/","Wochenblick"
"495","COVID-19-Impfstoff: Bund unterzeichnet Vertrag mit AstraZeneca","1","https://www.bag.admin.ch/bag/de/home/das-bag/aktuell/medienmitteilungen.msg-id-80732.html","BAG"
"496","Corona: Gesundheitsamtsleiter kritisiert Staatsregierung","1","https://www.br.de/nachrichten/bayern/corona-gesundheitsamtsleiter-kritisiert-staatsregierung,SCRLYkJ","BR24"
"497","Gesundheitsministerium zu COVID-19: Keine evidenzbasierten Belege für positive Wirkung von Lockdowns","1","https://deutsch.rt.com/inland/109491-gesundheitsministerium-zu-covid-19-keine-belege-fuer-positive-wirkung-lockdown/","RT DE"
"498","Der globale Käfig","1","https://www.rubikon.news/artikel/der-globale-kafig-2","Rubikon"
"499","Warum die Wirksamkeit des Lockdowns wissenschaftlich nicht bewiesen ist","1","https://www.heise.de/tp/features/Warum-die-Wirksamkeit-des-Lockdowns-wissenschaftlich-nicht-bewiesen-ist-4992909.html","Telepolis"
"500","Your Coronavirus Test Is Positive. Maybe It Shouldn’t Be.","1","https://www.nytimes.com/2020/08/29/health/coronavirus-testing.html","The New York Times"
"501","Traurig, aber wahr: Die Schweiz ist eben doch ein Land wie jedes andere","1","https://www.dieostschweiz.ch/artikel/traurig-aber-wahr-die-schweiz-ist-eben-doch-ein-land-wie-jedes-andere-PJVGJwJ","Die Ostschweiz"
"502","Den Tod kann uns niemand ersparen","1","https://www.nzz.ch/meinung/den-tod-kann-uns-niemand-ersparen-ld.1588851","NZZ"
"503","Wurde die Corona-Krise geplant?","1","https://multipolar-magazin.de/artikel/wurde-die-corona-krise-geplant","multipolar"
"504","Fake News oder Recherchepanne? Medien erfanden offenbar COVID-19-kranken Querdenken-Organisator","1","https://de.rt.com/inland/110711-fake-news-oder-recherchepanne-medien/","RT DE"
"505","Deutschlands mutigste Schülerin","1","https://www.rubikon.news/artikel/deutschlands-mutigste-schulerin","Rubikon"
"506","Doctors & Medical Professionals From All Over The World Speak Out","1","","Brighteon"
"507","Studie belegt: Symptomlose nicht ansteckend. Quarantäne anfechtbar!","1","https://www.wochenblick.at/studie-belegt-asymptomatische-nicht-ansteckend-quarantaene-nicht-haltbar/","Wochenblick"
"508","Mehr Corona-Tote durch die Politik als durch das Virus?","1","https://www.wochenblick.at/mehr-corona-tote-durch-die-politik-als-durch-das-virus/","Wochenblick"
"509","Die Intensivstationen sind voll und die Spitäler rufen um Hilfe: Wie der Pandemie-Journalismus erneut zuschlägt","1","https://www.re-check.ch/wordpress/fr/soins-intensifs-satures-d/","Re-Check"
"510","Prof. Drosten stellt sich dem Kampf","1","https://2020news.de/drosten-stellt-sich-dem-kampf/","2020 News"
"511","Covid-19 und die wundersame Reproduktionszahl des RKI","1","https://www.heise.de/tp/features/Covid-19-und-die-wundersame-Reproduktionszahl-des-RKI-4960610.html","Telepolis"
"512","Masken für Kinder?","1","https://www.dieostschweiz.ch/artikel/masken-fuer-kinder-DvmXOOj","Die Ostschweiz"
"513","«Immunsystem hilft mehr, als alle Plastikwände und Masken»","1","https://linth24.ch/articles/30501-immunsystem-hilft-mehr-als-alle-plastikwaende-und-masken","linth24"
"514","Corona-Propagandist bei gespenstischem Masken-Auftritt im ORF entlarvt","1","https://www.wochenblick.at/corona-propagandist-bei-gespenstischem-masken-auftritt-im-orf-entlarvt/","Wochenblick"
"515","Ct-Wert als Maß für die Infektiosität","1","https://www.deutsche-apotheker-zeitung.de/news/artikel/2020/10/22/ct-wert-als-mass-fuer-die-infektiositaet","Deutsche Apotheker Zeitung"
"516","Französischer Experte warnt eindringlich vor Corona-Impfung von Pfizer!","1","https://www.wochenblick.at/franzoesischer-experte-warnt-eindringlich-vor-corona-impfung-von-pfizer/","Wochenblick"
"517","Corona: Jeder siebte Deutsche sieht keinen eindeutigen Beweis für das Virus","1","https://www.welt.de/vermischtes/article222192396/Corona-Jeder-siebte-Deutsche-sieht-keinen-eindeutigen-Beweis-fuer-das-Virus.html","Die Welt"
"518","Hintergründe der Corona-Impfung: Gesundheit oder Korruption?","1","https://www.wochenblick.at/hintergruende-der-corona-impfung-gesundheit-oder-korruption/","Wochenblick"
"519","Simpel erklärt: Das sagt der PCR-Test wirklich aus","1","https://www.linth24.ch/articles/33810-simpel-erklaert-das-sagt-der-pcr-test-wirklich-aus","linth24"
"520","Faktencheck: Gibt es aktuell eine Coronavirus-Pandemie in Deutschland?","1","https://multipolar-magazin.de/artikel/faktencheck-pandemie","multipolar"
"521","Die wahre Seuche","1","https://www.rubikon.news/artikel/die-wahre-seuche","Rubikon"
"522","RKI zu Corona: Fallsterblichkeit seit August bei deutlich unter 1 Prozent","1","https://www.welt.de/wissenschaft/article218285392/RKI-zu-Corona-Fallsterblichkeit-seit-August-bei-deutlich-unter-1-Prozent.html","Die Welt"
"523","Spaltpilz Corona","1","https://www.berliner-zeitung.de/kultur-vergnuegen/schriftstellerin-kathrin-schmidt-zweifelt-an-der-pandemie-spaltpilz-corona-empathie-und-urteilsfreiheit-li.110079","Berliner Zeitung"
"524","Maskenpflicht muss fallen, fordert der Zürcher Gewerbeverband","1","https://www.nzz.ch/zuerich/die-maskenpflicht-muss-fallen-weil-sie-umsaetze-vernichtet-fordert-der-zuercher-gewerbeverband-er-steht-nicht-isoliert-da-ld.1578151","NZZ"
"525","Menschsein in Zeiten von Corona","1","https://www.heise.de/tp/features/Menschsein-in-Zeiten-von-Corona-4874776.html","Telepolis"
"526","Dagmar Belakowitsch und Susanne Fürst: So sehr leiden Kinder unter den Corona-Maßnahmen!","1","","FPÖ TV"
"527","RKI: Corona­fallsterblichkeit aktuell bei deutlich unter 1 Prozent","1","https://www.aerzteblatt.de/nachrichten/117605/RKI-Coronafallsterblichkeit-aktuell-bei-deutlich-unter-1-Prozent","Deutsches Ärzteblatt"
"528","Gesichtslose und distanzierte Menschen","1","https://www.heise.de/tp/features/Gesichtslose-und-distanzierte-Menschen-4930633.html","Telepolis"
"529","Erklärung des Access Consortiums zu den geforderten Nachweisen für COVID-19-Impfungen","1","https://www.swissmedic.ch/swissmedic/de/home/news/coronavirus-covid-19/access_consortium_statement_covid-19_vaccines_evidence.html","Swissmedic"
"530","Kubicki: Ermittlung der Corona-Inzidenzwerte ist unseriös","1","https://www.berliner-zeitung.de/news/kubicki-ermittlung-der-corona-inzidenzwerte-ist-unserioes-li.123576","Berliner Zeitung"
"531","NZZ zeigt, wie man neue Coronafälle dramatisch darstellt","1","https://www.infosperber.ch/gesundheit/public-health/nzz-zeigt-wie-man-neue-coronafaelle-dramatisch-darstellt/","INFOsperber"
"532","«Mach’s einfach»: Die lästige Fragerei soll endlich ein Ende haben","1","https://www.dieostschweiz.ch/artikel/machs-einfach-die-laestige-fragerei-soll-endlich-ein-ende-haben-WoPXRjq","Die Ostschweiz"
"533","Kassenarztchef: Auch 10.000 Corona-Fälle täglich sind kein Drama - wenn nur einer von 1000 schwer erkrankt","1","https://www.epochtimes.de/politik/deutschland/kassenarztchef-auch-10-000-corona-infektionen-taeglich-sind-kein-drama-wenn-nur-einer-von-1000-schwer-erkrankt-a3354242.html","Epoch Times"
"534","Bayerischer Gesundheitsamtsleiter nach Versetzung: „Ich wähle die Würde! Ärzte dürfen nicht schweigen. Niemals!“","1","https://www.epochtimes.de/politik/deutschland/bayerischer-gesundheitsamtsleiter-nach-versetzung-ich-waehle-die-wuerde-aerzte-duerfen-nicht-schweigen-niemals-a3372384.html","Epoch Times"
"535","Resultat nach 15 Minuten – Ärzteverband warnt vor Corona-Schnelltests","1","https://www.tagesanzeiger.ch/aerzteverband-warnt-vor-corona-schnelltests-651420445351","Tagesanzeiger"
"536","Generelle Maskenpflicht nimmt den Kindern die Würde","1","https://www.welt.de/debatte/kommentare/article220322424/Generelle-Maskenpflicht-nimmt-den-Kindern-die-Wuerde.html","Die Welt"
"537","„Langfristig ist soziale Distanz immer ein Belastungsfaktor, wir Menschen brauchen die Mitwelt“","1","https://www.aerzteblatt.de/nachrichten/117278/Langfristig-ist-soziale-Distanz-immer-ein-Belastungsfaktor-wir-Menschen-brauchen-die-Mitwelt","Deutsches Ärzteblatt"
"538","Im Gespräch: Reiner Fuellmich (Corona-Untersuchungsausschuss)","1","","KenFM"
"539","Bund beteiligt sich an COVAX- Initiative zur Beschaffung von COVID-19-Impfstoffen","1","https://www.admin.ch/gov/de/start/dokumentation/medienmitteilungen.msg-id-80510.html","Bundesrat"
"540","covax","1","","covax"
"541","gavi","1","","gavi"
"542","Alarm läuten oder leugnen?","1","https://www.dieostschweiz.ch/artikel/alarm-laeuten-oder-leugnen-lDq9gWq","Die Ostschweiz"
"543","Studie aus Kanada: Kosten von Corona-Lockdowns betragen Zehnfache des Nutzens","1","https://www.epochtimes.de/politik/ausland/studie-aus-kanada-kosten-von-corona-lockdowns-betragen-zehnfache-des-nutzens-a3411136.html","Epoch Times"
"544","Corona-Impfungen als größtes Humanexperiment der modernen Geschichte","1","https://www.heise.de/tp/features/Corona-Impfungen-als-groesstes-Humanexperiment-der-modernen-Geschichte-4975719.html","Telepolis"
"545","Money Talks V - Verbrechen gegen die Menschlichkeit","1","","Youtube"
"546","Coronavirus: Immer mehr Mediziner brechen ihr Schweigen","1","https://www.unzensuriert.at/content/113403-coronavirus-immer-mehr-mediziner-brechen-ihr-schweigen","Unzensuriert"
"547","RICHTIGSTELLUNG ZUM ARTIKEL: Anweisung an Ärzte und Apotheker: «Bitte sprechen Sie die Risiken nicht an»","1","https://corona-transition.org/amtliche-anweisung-an-arzte-und-apotheker-bitte-sprechen-sie-die-risiken-nicht","Corona Transition"
"548","Hochkarätiges internationales Forscherkonsortium demontiert PCR-Test von Prof. Drosten","1","https://corona-transition.org/hochkaratiges-internationales-forscherkonsortium-demontiert-pcr-test-von-prof","Corona Transition"
"549","Feige Intellektuelle sind die wahren Totengräber der Freiheit","1","https://schweizermonat.ch/feige-intellektuelle-sind-die-wahren-totengraeber-der-freiheit/","Schweizer Monat"
"550","Personen ohne Symptome nicht infektiös: große Studie aus Wuhan","1","https://tkp.at/2020/11/28/personen-ohne-symptome-nicht-infektioes-grosse-studie-aus-wuhan/","tp - Science & Technology"
"551","Pfizer-Geschäftsleiter ist nicht sicher, ob Corona-Impfstoff Weitergabe des Virus verhindert","1","https://de.rt.com/international/110067-pfizer-geschaftsleiter-ist-nicht-sicher-impfstoff-covid-verbreitung-verhindert/","RT DE"
"552","Restaurants sind voll, Corona-Zahlen sinken rapide: Experten staunen über Wunder von Madrid","1","https://www.focus.de/gesundheit/news/forscher-finden-keine-erklaerung-restaurant-sind-voll-corona-zahlen-sinken-rapide-experten-staunen-ueber-wunder-von-madrid_id_12658968.html","Focus Online"
"553","Raus aus dem Panik-Modus?","1","https://www.zdf.de/politik/berlin-direkt/berlin-direkt-clip-1-400.html","ZDF"
"554","John Ioannidis - Modelling by the Imperial College","1","","Youtube"
"555","Covid-19-Impfstoff: Bund unterzeichnet Vertrag mit Biotech-Unternehmen Moderna","1","https://www.bag.admin.ch/bag/de/home/das-bag/aktuell/medienmitteilungen.msg-id-80005.html","BAG"
"556","moderna","1","","moderna"
"557","""Äs hüärä Puff!""","1","https://www.comm4u.ch/?p=718","comm4u"
"558","Mit dem Masketragen verbundene psychische Folgen","1","https://www.heise.de/tp/features/Mit-dem-Masketragen-verbundene-psychische-Folgen-4967043.html","Telepolis"
"559","Pfusch mit R-Wert macht Schweiz zu Geisterland","1","https://insideparadeplatz.ch/2020/12/29/pfusch-mit-r-wert-macht-schweiz-zu-geisterland/","In$ide Paradeplatz"
"560","Stefan Aust: „Nun wird in die familiären Einheiten bürgerlicher Bereiche eingegriffen“","1","https://www.welt.de/regionales/hamburg/article221195938/Stefan-Aust-Nun-wird-in-die-familiaeren-Einheiten-buergerlicher-Bereiche-eingegriffen.html","Die Welt"
"561","Studie zeigt: PCR-Tests liefern kaum Belege für Infektiosität","1","https://de.rt.com/gesellschaft/110320-studie-zeigt-pcr-tests-liefern/","RT DE"
"562","PCR-Test, Infektion, Erkrankung","1","","Deutsches Ärzteblatt"
"563","Geschasster Arzt Rainer Schregel ist wieder im Amt","1","https://www.medinside.ch/de/post/entlassener-arzt-rainer-schregel-wieder-eingestellt","medinside.ch"
"564","Schluss mit dem „Covidioten“-Gerede! Die Politik darf alten Fehler nicht wiederholen","1","https://www.focus.de/politik/experten/der-andere-blick-schluss-mit-dem-covidioten-gerede-die-politik-darf-alten-fehler-nicht-wiederholen_id_12444727.html","Focus Online"
"565","Was machen die Corona-Maßnahmen mit unseren Kindern? Ein Statement von Hirnforscher Gerald Hüther","1","","Youtube"
"566","Hochriskant und inakzeptabel","1","","Schweizer Ärztezeitung"
"567","Erstmals verlangt eine Behörde die Offenlegung der Anzahl Zyklen beim PCR-Test","1","https://www.zeitpunkt.ch/index.php/erstmals-verlangt-eine-behoerde-die-offenlegung-der-anzahl-zyklen-beim-pcr-test","ZE!TPUNKT"
"568","Der schwedische Corona-Weg: Erfolg oder Misserfolg?","1","https://www.heise.de/tp/features/Der-schwedische-Corona-Weg-Erfolg-oder-Misserfolg-4984494.html","Telepolis"
"569","Testing, Testing, Testing","1","https://www.dieostschweiz.ch/artikel/testing-testing-testing-PJK87aA","Die Ostschweiz"
"570","Das Impfdilemma","1","https://www.nachdenkseiten.de/?p=68014","NachDenkSeiten"
"571","impfplan","1","","impfplan"
"572","Bund unterzeichnet Vertrag für Covid-19-Medikament","1","https://www.bag.admin.ch/bag/de/home/das-bag/aktuell/medienmitteilungen.msg-id-80017.html","BAG"
"573","molecular partners","1","","molecular partners"
"574","Untersuchung eingeleitet – Tests für Corona-Impfstoff gestoppt, weil Proband erkrankt ist","1","https://www.tagesanzeiger.ch/astrazeneca-stoppt-test-von-corona-impfstoff-955903003226","Tagesanzeiger"
"575","Krankenhausgesellschaft: Kliniken können bald Gehälter nicht zahlen","1","https://www.tagesschau.de/wirtschaft/krankenhaeuser-finanzierung-101.html","tagesschau.de"
"576","Hat China das Virus bereits besiegt?","1","https://www.n-tv.de/panorama/Hat-China-das-Virus-bereits-besiegt-article22120325.html","ntv"
"577","""Lockdowns vermeiden"" – WHO fordert Staats- und Regierungschefs auf, andere Wege zu gehen","1","https://www.epochtimes.de/politik/deutschland/lockdowns-vermeiden-who-fordert-staats-und-regierungschefs-auf-andere-wege-zu-gehen-a3354789.html","Epoch Times"
"578","Haben WHO und Italien etwas verschwiegen?","1","https://www.n-tv.de/politik/Haben-WHO-und-Italien-etwas-verschwiegen-article22229835.html","ntv"
"579","welle1","1","","welle1"
"580","Swissmedic erteilt Zulassung für den ersten Covid-19-Impfstoff in der Schweiz","1","https://www.swissmedic.ch/swissmedic/de/home/news/coronavirus-covid-19/covid-19-impfstoff_erstzulassung.html","Swissmedic"
"581","Keine Übersterblichkeit durch Covid-19: Chef von Gesundheitsamt vergleicht Corona mit Grippe und Hitzewellen","1","https://www.berliner-zeitung.de/news/keine-uebersterblichkeit-trotz-corona-amtsarzt-fordert-diskussion-ueber-die-mittel-der-pandemie-bekaempfung-li.108672","Berliner Zeitung"
"582","Coronavirus: Bundesrat verschärft nationale Massnahmen und schliesst Restaurants sowie Kultur-, Freizeit- und Sportbetriebe","1","https://www.admin.ch/gov/de/start/dokumentation/medienmitteilungen/bundesrat.msg-id-81745.html","Bundesrat"
"583","Verdienen wir, Ärzte und Ärztinnen, das Vertrauen unserer Patienten und Patientinnen in Sachen Corona?","1","","Schweizer Ärztezeitung"
"584","Prof. Michael Klundt, Corona Maßnahmen sind völkerrechts- und gesetzwidrige Kindeswohlgefährdung","1","","Youtube"
"585","völkerrecht","1","","völkerrecht"
"586","Mund-Nasen-Schutz in der Öffentlichkeit: Keine Hinweise für eine Wirksamkeit","1","","Thieme"
"587","thieme","1","","thieme"
"588","Corona - Antikörperstudien belegen konstante, stabile Immunität","1","https://www.i-med.ac.at/mypoint/news/749681.html","Medizinische Universität Innsbruck"
"589","Zurück zu Augenmaß und Fakten: Der Corona-Diskussion droht eine gefährliche Schieflage","1","https://www.handelsblatt.com/meinung/kolumnen/expertenrat/diehm/expertenrat-prof-dr-curt-diehm-zurueck-zu-augenmass-und-fakten-der-corona-diskussion-droht-eine-gefaehrliche-schieflage/26214860.html","Handelsblatt"
"590","diehm","1","","diehm"
"591","Anwalt belegt: Testpositive sind keine Infizierten. ""Die Pandemie ist vorbei!""","1","https://www.wochenblick.at/anwalt-belegt-testpositive-sind-keine-infizierten-die-pandemie-ist-vorbei/","Wochenblick"
"592","Weltweite Debatte um Corona-Impfpflicht","1","https://www.berliner-zeitung.de/gesundheit-oekologie/internationale-debatte-um-corona-impfpflicht-li.122038","Berliner Zeitung"
"593","External peer review of the RTPCR test to detect SARS-CoV-2 reveals 10 major scientific flaws at the molecular and methodological level: consequences for false positive results.","1","https://cormandrostenreview.com/report/","Corman-Drosten"
"594","So dreist lügen ARD & ZDF über Leipzig","1","https://www.reitschuster.de/post/so-dreist-luegen-die-oeffentliche-rechtlichen-ueber-leipzig/","reitschuster"
"595","Umstrittene St. Galler Massnahmen zur Bekämpfung des Virus","1","https://www.linth24.ch/articles/33298-umstrittene-st-galler-massnahmen-zur-bekaempfung-des-virus","linth24"
"596","Spital-Schwyz-Video wird zum Politikum","1","https://www.medinside.ch/de/post/spital-schwyz-video-wird-zum-politikum","medinside.ch"
"597","Coronavirus: Bundesrat erhöht den Kredit zur Beschaffung von Covid-19-Impfstoff","1","https://www.admin.ch/gov/de/start/dokumentation/medienmitteilungen.msg-id-81070.html","Bundesrat"
"598","Corona: Etwas Licht ins Dunkel der Spitalbetten","1","https://www.infosperber.ch/gesundheit/public-health/corona-etwas-licht-ins-dunkel-der-spitalbetten/","INFOsperber"
"599","Kommerziell erhältliche Mundspüllösungen inaktivieren SARS-CoV-2 im Labor","1","https://www.aerzteblatt.de/nachrichten/115497/Kommerziell-erhaeltliche-Mundspuelloesungen-inaktivieren-SARS-CoV-2-im-Labor","Deutsches Ärzteblatt"
